<?xml version="1.0" encoding="UTF-8"?>
<!-- This is a WordPress eXtended RSS file generated by WordPress as an export of your blog. -->
<!-- It contains information about your blog's posts, comments, and categories. -->
<!-- You may use this file to transfer that content from one site to another. -->
<!-- This file is not intended to serve as a complete backup of your blog. -->

<!-- To import this information into a WordPress blog follow these steps. -->
<!-- 1. Log in to that blog as an administrator. -->
<!-- 2. Go to Tools: Import in the blog's admin panels (or Manage: Import in older versions of WordPress). -->
<!-- 3. Choose "WordPress" from the list. -->
<!-- 4. Upload this file using the form provided on that page. -->
<!-- 5. You will first be asked to map the authors in this export file to users -->
<!--    on the blog.  For each author, you may choose to map to an -->
<!--    existing user on the blog or to create a new user -->
<!-- 6. WordPress will then import each of the posts, comments, and categories -->
<!--    contained in this file into your blog -->

<!-- generator="WordPress/3.0.1" created="2010-11-01 19:10"-->
<rss version="2.0"
	xmlns:excerpt="http://wordpress.org/export/1.0/excerpt/"
	xmlns:content="http://purl.org/rss/1.0/modules/content/"
	xmlns:wfw="http://wellformedweb.org/CommentAPI/"
	xmlns:dc="http://purl.org/dc/elements/1.1/"
	xmlns:wp="http://wordpress.org/export/1.0/"
>

<channel>
	<title>True to the Book</title>
	<link>http://truetothebook:8888</link>
	<description>A Fictional Store in a Fictional Town</description>
	<pubDate>Fri, 29 Oct 2010 18:31:55 +0000</pubDate>
	<generator>http://wordpress.org/?v=3.0.1</generator>
	<language>en</language>
	<wp:wxr_version>1.0</wp:wxr_version>
	<wp:base_site_url>http://truetothebook:8888</wp:base_site_url>
	<wp:base_blog_url>http://truetothebook:8888</wp:base_blog_url>
		<wp:category><wp:category_nicename>announcements</wp:category_nicename><wp:category_parent></wp:category_parent><wp:cat_name><![CDATA[Announcements]]></wp:cat_name></wp:category>
				<wp:term><wp:term_taxonomy>book_category</wp:term_taxonomy><wp:term_slug>adventure</wp:term_slug><wp:term_parent></wp:term_parent><wp:term_name><![CDATA[Adventure]]></wp:term_name></wp:term>
		<wp:term><wp:term_taxonomy>nav_menu</wp:term_taxonomy><wp:term_slug>book-categories</wp:term_slug><wp:term_parent></wp:term_parent><wp:term_name><![CDATA[Book Categories]]></wp:term_name></wp:term>
		<wp:term><wp:term_taxonomy>book_category</wp:term_taxonomy><wp:term_slug>chapter</wp:term_slug><wp:term_parent></wp:term_parent><wp:term_name><![CDATA[Chapter]]></wp:term_name></wp:term>
		<wp:term><wp:term_taxonomy>book_category</wp:term_taxonomy><wp:term_slug>children</wp:term_slug><wp:term_parent></wp:term_parent><wp:term_name><![CDATA[Children]]></wp:term_name></wp:term>
		<wp:term><wp:term_taxonomy>book_category</wp:term_taxonomy><wp:term_slug>dog</wp:term_slug><wp:term_parent></wp:term_parent><wp:term_name><![CDATA[Dog]]></wp:term_name></wp:term>
		<wp:term><wp:term_taxonomy>book_category</wp:term_taxonomy><wp:term_slug>earth</wp:term_slug><wp:term_parent></wp:term_parent><wp:term_name><![CDATA[Earth]]></wp:term_name></wp:term>
		<wp:term><wp:term_taxonomy>nav_menu</wp:term_taxonomy><wp:term_slug>footer</wp:term_slug><wp:term_parent></wp:term_parent><wp:term_name><![CDATA[Footer]]></wp:term_name></wp:term>
		<wp:term><wp:term_taxonomy>nav_menu</wp:term_taxonomy><wp:term_slug>header</wp:term_slug><wp:term_parent></wp:term_parent><wp:term_name><![CDATA[Header]]></wp:term_name></wp:term>
		<wp:term><wp:term_taxonomy>book_category</wp:term_taxonomy><wp:term_slug>picture</wp:term_slug><wp:term_parent></wp:term_parent><wp:term_name><![CDATA[Picture]]></wp:term_name></wp:term>
	
	<generator>http://wordpress.org/?v=3.0.1</generator>

		<item>
		<title>Auto Draft</title>
		<link>http://truetothebook:8888/?p=3</link>
		<pubDate>Thu, 01 Jan 1970 00:00:00 +0000</pubDate>
		<dc:creator><![CDATA[admin]]></dc:creator>
		
		<guid isPermaLink="false">http://truetothebook:8888/?p=3</guid>
		<description></description>
		<content:encoded><![CDATA[]]></content:encoded>
		<excerpt:encoded><![CDATA[]]></excerpt:encoded>
		<wp:post_id>3</wp:post_id>
		<wp:post_date>2010-10-27 20:28:58</wp:post_date>
		<wp:post_date_gmt>0000-00-00 00:00:00</wp:post_date_gmt>
		<wp:comment_status>open</wp:comment_status>
		<wp:ping_status>open</wp:ping_status>
		<wp:post_name></wp:post_name>
		<wp:status>auto-draft</wp:status>
		<wp:post_parent>0</wp:post_parent>
		<wp:menu_order>0</wp:menu_order>
		<wp:post_type>post</wp:post_type>
		<wp:post_password></wp:post_password>
		<wp:is_sticky>0</wp:is_sticky>
							</item>
		<item>
		<title>Auto Draft</title>
		<link>http://truetothebook:8888/?post_type=book&#038;p=18</link>
		<pubDate>Thu, 01 Jan 1970 00:00:00 +0000</pubDate>
		<dc:creator><![CDATA[admin]]></dc:creator>
		
		<guid isPermaLink="false">http://truetothebook:8888/?post_type=book&#038;p=18</guid>
		<description></description>
		<content:encoded><![CDATA[]]></content:encoded>
		<excerpt:encoded><![CDATA[]]></excerpt:encoded>
		<wp:post_id>18</wp:post_id>
		<wp:post_date>2010-10-28 14:48:35</wp:post_date>
		<wp:post_date_gmt>0000-00-00 00:00:00</wp:post_date_gmt>
		<wp:comment_status>open</wp:comment_status>
		<wp:ping_status>open</wp:ping_status>
		<wp:post_name></wp:post_name>
		<wp:status>auto-draft</wp:status>
		<wp:post_parent>0</wp:post_parent>
		<wp:menu_order>0</wp:menu_order>
		<wp:post_type>book</wp:post_type>
		<wp:post_password></wp:post_password>
		<wp:is_sticky>0</wp:is_sticky>
							</item>
		<item>
		<title>Frog and Toad All Year</title>
		<link>http://truetothebook:8888/books/frog-and-toad-all-year/</link>
		<pubDate>Sun, 24 Oct 2010 19:27:08 +0000</pubDate>
		<dc:creator><![CDATA[admin]]></dc:creator>
		
		<guid isPermaLink="false">http://truetothebook:8888/?post_type=book&#038;p=74</guid>
		<description></description>
		<content:encoded><![CDATA[Lorem ipsum dolor sit amet, consectetur adipiscing elit. Donec vehicula quam in urna adipiscing laoreet. Ut sed eros sed leo elementum feugiat in sit amet nisi. Aliquam rhoncus arcu at ligula dictum ac tempus justo bibendum. Nam ullamcorper, justo ac tempus euismod, dolor neque fermentum metus, non malesuada justo turpis a tellus. Morbi dignissim mauris vel dolor interdum congue. Mauris vel odio tortor, sit amet imperdiet nisl. Mauris tincidunt dignissim sem. Donec eu purus quam. Nunc ac metus ac nisi iaculis consectetur. Pellentesque a augue tortor, vel dictum metus. Nulla nibh est, volutpat sed placerat eget, interdum et tellus. Aliquam eget leo eu erat ornare congue.]]></content:encoded>
		<excerpt:encoded><![CDATA[]]></excerpt:encoded>
		<wp:post_id>74</wp:post_id>
		<wp:post_date>2010-10-24 14:27:08</wp:post_date>
		<wp:post_date_gmt>2010-10-24 19:27:08</wp:post_date_gmt>
		<wp:comment_status>closed</wp:comment_status>
		<wp:ping_status>closed</wp:ping_status>
		<wp:post_name>frog-and-toad-all-year</wp:post_name>
		<wp:status>publish</wp:status>
		<wp:post_parent>0</wp:post_parent>
		<wp:menu_order>0</wp:menu_order>
		<wp:post_type>book</wp:post_type>
		<wp:post_password></wp:post_password>
		<wp:is_sticky>0</wp:is_sticky>
								<wp:postmeta>
		<wp:meta_key>slide_redirect_url</wp:meta_key>
		<wp:meta_value><![CDATA[http://truetothebook:8888/books/frog-and-toad-all-year/]]></wp:meta_value>
		</wp:postmeta>
				<wp:postmeta>
		<wp:meta_key>slider_style</wp:meta_key>
		<wp:meta_value><![CDATA[default.css]]></wp:meta_value>
		</wp:postmeta>
				<wp:postmeta>
		<wp:meta_key>book_author</wp:meta_key>
		<wp:meta_value><![CDATA[Arnold Lobel]]></wp:meta_value>
		</wp:postmeta>
				<wp:postmeta>
		<wp:meta_key>_edit_lock</wp:meta_key>
		<wp:meta_value><![CDATA[1288638000]]></wp:meta_value>
		</wp:postmeta>
				<wp:postmeta>
		<wp:meta_key>_edit_last</wp:meta_key>
		<wp:meta_value><![CDATA[1]]></wp:meta_value>
		</wp:postmeta>
				<wp:postmeta>
		<wp:meta_key>_thumbnail_id</wp:meta_key>
		<wp:meta_value><![CDATA[75]]></wp:meta_value>
		</wp:postmeta>
							</item>
		<item>
		<title>Hello world!</title>
		<link>http://truetothebook:8888/2010/10/hello-world/</link>
		<pubDate>Wed, 27 Oct 2010 20:28:45 +0000</pubDate>
		<dc:creator><![CDATA[admin]]></dc:creator>
		
		<category><![CDATA[Announcements]]></category>

		<category domain="category" nicename="announcements"><![CDATA[Announcements]]></category>

		<guid isPermaLink="false">http://truetothebook:8888/?p=1</guid>
		<description></description>
		<content:encoded><![CDATA[Welcome to WordPress. This is your first post. Edit or delete it, then start blogging!]]></content:encoded>
		<excerpt:encoded><![CDATA[]]></excerpt:encoded>
		<wp:post_id>1</wp:post_id>
		<wp:post_date>2010-10-27 20:28:45</wp:post_date>
		<wp:post_date_gmt>2010-10-27 20:28:45</wp:post_date_gmt>
		<wp:comment_status>open</wp:comment_status>
		<wp:ping_status>open</wp:ping_status>
		<wp:post_name>hello-world</wp:post_name>
		<wp:status>trash</wp:status>
		<wp:post_parent>0</wp:post_parent>
		<wp:menu_order>0</wp:menu_order>
		<wp:post_type>post</wp:post_type>
		<wp:post_password></wp:post_password>
		<wp:is_sticky>0</wp:is_sticky>
								<wp:postmeta>
		<wp:meta_key>_wp_trash_meta_comments_status</wp:meta_key>
		<wp:meta_value><![CDATA[a:1:{i:1;s:1:"1";}]]></wp:meta_value>
		</wp:postmeta>
				<wp:postmeta>
		<wp:meta_key>_wp_trash_meta_time</wp:meta_key>
		<wp:meta_value><![CDATA[1288374184]]></wp:meta_value>
		</wp:postmeta>
				<wp:postmeta>
		<wp:meta_key>_wp_trash_meta_status</wp:meta_key>
		<wp:meta_value><![CDATA[publish]]></wp:meta_value>
		</wp:postmeta>
								<wp:comment>
		<wp:comment_id>1</wp:comment_id>
		<wp:comment_author><![CDATA[Mr WordPress]]></wp:comment_author>
		<wp:comment_author_email></wp:comment_author_email>
		<wp:comment_author_url>http://wordpress.org/</wp:comment_author_url>
		<wp:comment_author_IP></wp:comment_author_IP>
		<wp:comment_date>2010-10-27 20:28:45</wp:comment_date>
		<wp:comment_date_gmt>2010-10-27 20:28:45</wp:comment_date_gmt>
		<wp:comment_content><![CDATA[Hi, this is a comment.<br />To delete a comment, just log in and view the post&#039;s comments. There you will have the option to edit or delete them.]]></wp:comment_content>
		<wp:comment_approved>post-trashed</wp:comment_approved>
		<wp:comment_type></wp:comment_type>
		<wp:comment_parent>0</wp:comment_parent>
		<wp:comment_user_id>0</wp:comment_user_id>
		</wp:comment>
			</item>
		<item>
		<title>About Us</title>
		<link>http://truetothebook:8888/about-us/</link>
		<pubDate>Thu, 28 Oct 2010 01:28:45 +0000</pubDate>
		<dc:creator><![CDATA[admin]]></dc:creator>
		
		<guid isPermaLink="false">http://truetothebook:8888/?page_id=2</guid>
		<description></description>
		<content:encoded><![CDATA[Lorem ipsum dolor sit amet, consectetur adipiscing elit. In congue mattis justo, a iaculis tortor iaculis quis. Cras sodales mollis mauris, vel tincidunt libero sollicitudin laoreet. Ut sem risus, laoreet sed dignissim nec, adipiscing a ligula. Sed porta ullamcorper nibh nec mattis. Integer porta ante id risus feugiat et elementum dui aliquet. Suspendisse sodales, felis sit amet pulvinar viverra, libero risus accumsan mi, et imperdiet neque sapien eget dui. Praesent eu odio sit amet tortor luctus suscipit sed vel enim. 

Curabitur ullamcorper, nunc malesuada dictum bibendum, massa ligula aliquet justo, ut mattis neque mi quis odio. Aliquam quis risus sit amet diam sodales porttitor. Pellentesque habitant morbi tristique senectus et netus et malesuada fames ac turpis egestas. Integer gravida aliquam porta. Vivamus sollicitudin nisi sed arcu lobortis ac commodo neque vulputate. Sed et magna eu lorem ornare pretium et in arcu. Vivamus nec nulla mi, vel porta tellus. Quisque venenatis porttitor quam vel lacinia. Phasellus massa sem, ullamcorper id porta et, tincidunt at dui. Sed tempor sem nec sapien iaculis ac dapibus leo tempor. Curabitur pulvinar lectus tincidunt mi vehicula nec vehicula leo imperdiet. Nunc posuere neque id enim bibendum mollis.

In ullamcorper, erat sit amet tempor aliquam, augue risus egestas lorem, a ultrices enim lorem ut quam. Nullam convallis sapien non odio laoreet pulvinar et ut lacus. Pellentesque leo eros, egestas in faucibus ac, pellentesque vitae turpis. Sed bibendum magna quis orci faucibus commodo bibendum mauris tincidunt. Sed at libero nunc. Nam eget ultricies tellus. Sed sodales vehicula sem, id fringilla turpis laoreet eu. 

Cum sociis natoque penatibus et magnis dis parturient montes, nascetur ridiculus mus. Vestibulum mattis lectus lacus, sed mollis metus. Aliquam rhoncus risus purus. Suspendisse eros nulla, convallis quis consequat id, dignissim tincidunt magna. Etiam mauris ante, ultricies in euismod eget, elementum ac leo. Sed arcu turpis, egestas tempor porttitor quis, eleifend sit amet felis. Nullam posuere tristique felis vitae vulputate.
]]></content:encoded>
		<excerpt:encoded><![CDATA[]]></excerpt:encoded>
		<wp:post_id>2</wp:post_id>
		<wp:post_date>2010-10-27 20:28:45</wp:post_date>
		<wp:post_date_gmt>2010-10-28 01:28:45</wp:post_date_gmt>
		<wp:comment_status>open</wp:comment_status>
		<wp:ping_status>closed</wp:ping_status>
		<wp:post_name>about-us</wp:post_name>
		<wp:status>publish</wp:status>
		<wp:post_parent>0</wp:post_parent>
		<wp:menu_order>2</wp:menu_order>
		<wp:post_type>page</wp:post_type>
		<wp:post_password></wp:post_password>
		<wp:is_sticky>0</wp:is_sticky>
								<wp:postmeta>
		<wp:meta_key>_wp_page_template</wp:meta_key>
		<wp:meta_value><![CDATA[default]]></wp:meta_value>
		</wp:postmeta>
				<wp:postmeta>
		<wp:meta_key>slide_redirect_url</wp:meta_key>
		<wp:meta_value><![CDATA[http://truetothebook:8888/about-us/]]></wp:meta_value>
		</wp:postmeta>
				<wp:postmeta>
		<wp:meta_key>slider_style</wp:meta_key>
		<wp:meta_value><![CDATA[default.css]]></wp:meta_value>
		</wp:postmeta>
				<wp:postmeta>
		<wp:meta_key>_edit_last</wp:meta_key>
		<wp:meta_value><![CDATA[1]]></wp:meta_value>
		</wp:postmeta>
				<wp:postmeta>
		<wp:meta_key>_edit_lock</wp:meta_key>
		<wp:meta_value><![CDATA[1288368162]]></wp:meta_value>
		</wp:postmeta>
							</item>
		<item>
		<title>rat</title>
		<link>http://truetothebook:8888/?attachment_id=9</link>
		<pubDate>Thu, 28 Oct 2010 13:50:57 +0000</pubDate>
		<dc:creator><![CDATA[admin]]></dc:creator>
		
		<guid isPermaLink="false">http://truetothebook:8888/wp-content/uploads/2010/10/rat.jpg</guid>
		<description></description>
		<content:encoded><![CDATA[]]></content:encoded>
		<excerpt:encoded><![CDATA[]]></excerpt:encoded>
		<wp:post_id>9</wp:post_id>
		<wp:post_date>2010-10-28 13:50:57</wp:post_date>
		<wp:post_date_gmt>2010-10-28 13:50:57</wp:post_date_gmt>
		<wp:comment_status>open</wp:comment_status>
		<wp:ping_status>open</wp:ping_status>
		<wp:post_name>rat</wp:post_name>
		<wp:status>inherit</wp:status>
		<wp:post_parent>0</wp:post_parent>
		<wp:menu_order>0</wp:menu_order>
		<wp:post_type>attachment</wp:post_type>
		<wp:post_password></wp:post_password>
		<wp:is_sticky>0</wp:is_sticky>
				<wp:attachment_url>http://truetothebook:8888/wp-content/uploads/2010/10/rat.jpg</wp:attachment_url>
								<wp:postmeta>
		<wp:meta_key>_wp_attachment_metadata</wp:meta_key>
		<wp:meta_value><![CDATA[a:6:{s:5:"width";s:3:"174";s:6:"height";s:2:"86";s:14:"hwstring_small";s:23:"height='63' width='128'";s:4:"file";s:15:"2010/10/rat.jpg";s:5:"sizes";a:1:{s:9:"thumbnail";a:3:{s:4:"file";s:14:"rat-150x86.jpg";s:5:"width";s:3:"150";s:6:"height";s:2:"86";}}s:10:"image_meta";a:10:{s:8:"aperture";s:1:"0";s:6:"credit";s:0:"";s:6:"camera";s:0:"";s:7:"caption";s:0:"";s:17:"created_timestamp";s:1:"0";s:9:"copyright";s:0:"";s:12:"focal_length";s:1:"0";s:3:"iso";s:1:"0";s:13:"shutter_speed";s:1:"0";s:5:"title";s:0:"";}}]]></wp:meta_value>
		</wp:postmeta>
				<wp:postmeta>
		<wp:meta_key>_wp_attached_file</wp:meta_key>
		<wp:meta_value><![CDATA[2010/10/rat.jpg]]></wp:meta_value>
		</wp:postmeta>
							</item>
		<item>
		<title>Author Neil Gaiman visits</title>
		<link>http://truetothebook:8888/2010/10/author-neil-gaiman-visits/</link>
		<pubDate>Thu, 28 Oct 2010 14:15:57 +0000</pubDate>
		<dc:creator><![CDATA[admin]]></dc:creator>
		
		<category><![CDATA[Announcements]]></category>

		<category domain="category" nicename="announcements"><![CDATA[Announcements]]></category>

		<guid isPermaLink="false">http://truetothebook:8888/?p=10</guid>
		<description></description>
		<content:encoded><![CDATA[Be sure to stop by the store on <b>August 27th, 2011</b> because author Neil Gaiman will be visiting and doing a reading from his newest book, Lorem Ipsum Dolor Sed Amet. Maecenas vel magna diam, sed ullamcorper erat. Fusce quis posuere neque. Phasellus congue vestibulum ante, a sodales tellus placerat a. Aliquam rutrum, justo nec aliquam lacinia, eros odio varius libero, a mollis ante risus sit amet tortor. Vivamus vel nisl non nisl scelerisque rhoncus. Curabitur et ante in risus cursus auctor.<!--more--> Cras dignissim vehicula purus id imperdiet. Morbi hendrerit libero in odio pellentesque lobortis fermentum velit tincidunt. Aenean ut ipsum eget libero ultricies ultricies ut nec mauris. Suspendisse diam ligula, pellentesque sed consequat ut, tempus eu metus. Praesent id diam massa, a elementum enim. Morbi venenatis dapibus dolor, eu adipiscing purus vestibulum eu. Curabitur eget porttitor nulla. Ut id sem ut felis viverra ultricies. Sed consectetur varius libero iaculis bibendum.

Phasellus eu risus sit amet mauris aliquam facilisis at ac turpis. Nam diam lacus, sodales sed vehicula et, luctus auctor enim. Aenean facilisis, neque a tincidunt eleifend, velit leo fermentum ipsum, ac iaculis magna urna quis risus. Ut consequat ligula vitae ipsum semper iaculis. Lorem ipsum dolor sit amet, consectetur adipiscing elit. Lorem ipsum dolor sit amet, consectetur adipiscing elit. Donec viverra vestibulum viverra. Pellentesque ut nibh vitae dui malesuada laoreet. Cum sociis natoque penatibus et magnis dis parturient montes, nascetur ridiculus mus. Nam id quam quis lacus elementum tincidunt ut nec libero. Duis porttitor, dui nec sollicitudin viverra, est augue interdum nibh, eget rhoncus enim purus ac massa. Curabitur nec purus nulla. Curabitur ac ante nec dui commodo semper quis ut sem.
]]></content:encoded>
		<excerpt:encoded><![CDATA[]]></excerpt:encoded>
		<wp:post_id>10</wp:post_id>
		<wp:post_date>2010-10-28 14:15:57</wp:post_date>
		<wp:post_date_gmt>2010-10-28 14:15:57</wp:post_date_gmt>
		<wp:comment_status>open</wp:comment_status>
		<wp:ping_status>open</wp:ping_status>
		<wp:post_name>author-neil-gaiman-visits</wp:post_name>
		<wp:status>publish</wp:status>
		<wp:post_parent>0</wp:post_parent>
		<wp:menu_order>0</wp:menu_order>
		<wp:post_type>post</wp:post_type>
		<wp:post_password></wp:post_password>
		<wp:is_sticky>0</wp:is_sticky>
								<wp:postmeta>
		<wp:meta_key>_edit_last</wp:meta_key>
		<wp:meta_value><![CDATA[1]]></wp:meta_value>
		</wp:postmeta>
				<wp:postmeta>
		<wp:meta_key>_edit_lock</wp:meta_key>
		<wp:meta_value><![CDATA[1288377116]]></wp:meta_value>
		</wp:postmeta>
				<wp:postmeta>
		<wp:meta_key>_wp_old_slug</wp:meta_key>
		<wp:meta_value><![CDATA[]]></wp:meta_value>
		</wp:postmeta>
				<wp:postmeta>
		<wp:meta_key>slide_redirect_url</wp:meta_key>
		<wp:meta_value><![CDATA[http://truetothebook:8888/2010/10/author-neil-gaiman-visits/]]></wp:meta_value>
		</wp:postmeta>
				<wp:postmeta>
		<wp:meta_key>slider_style</wp:meta_key>
		<wp:meta_value><![CDATA[default.css]]></wp:meta_value>
		</wp:postmeta>
							</item>
		<item>
		<title>map</title>
		<link>http://truetothebook:8888/?attachment_id=13</link>
		<pubDate>Thu, 28 Oct 2010 14:26:43 +0000</pubDate>
		<dc:creator><![CDATA[admin]]></dc:creator>
		
		<guid isPermaLink="false">http://truetothebook:8888/wp-content/uploads/2010/10/map.jpg</guid>
		<description></description>
		<content:encoded><![CDATA[]]></content:encoded>
		<excerpt:encoded><![CDATA[]]></excerpt:encoded>
		<wp:post_id>13</wp:post_id>
		<wp:post_date>2010-10-28 14:26:43</wp:post_date>
		<wp:post_date_gmt>2010-10-28 14:26:43</wp:post_date_gmt>
		<wp:comment_status>open</wp:comment_status>
		<wp:ping_status>open</wp:ping_status>
		<wp:post_name>map</wp:post_name>
		<wp:status>inherit</wp:status>
		<wp:post_parent>0</wp:post_parent>
		<wp:menu_order>0</wp:menu_order>
		<wp:post_type>attachment</wp:post_type>
		<wp:post_password></wp:post_password>
		<wp:is_sticky>0</wp:is_sticky>
				<wp:attachment_url>http://truetothebook:8888/wp-content/uploads/2010/10/map.jpg</wp:attachment_url>
								<wp:postmeta>
		<wp:meta_key>_wp_attached_file</wp:meta_key>
		<wp:meta_value><![CDATA[2010/10/map.jpg]]></wp:meta_value>
		</wp:postmeta>
				<wp:postmeta>
		<wp:meta_key>_wp_attachment_metadata</wp:meta_key>
		<wp:meta_value><![CDATA[a:5:{s:5:"width";s:3:"142";s:6:"height";s:3:"125";s:14:"hwstring_small";s:23:"height='96' width='109'";s:4:"file";s:15:"2010/10/map.jpg";s:10:"image_meta";a:10:{s:8:"aperture";s:1:"0";s:6:"credit";s:0:"";s:6:"camera";s:0:"";s:7:"caption";s:0:"";s:17:"created_timestamp";s:1:"0";s:9:"copyright";s:0:"";s:12:"focal_length";s:1:"0";s:3:"iso";s:1:"0";s:13:"shutter_speed";s:1:"0";s:5:"title";s:0:"";}}]]></wp:meta_value>
		</wp:postmeta>
							</item>
		<item>
		<title>n4388</title>
		<link>http://truetothebook:8888/books/phantom-tollbooth/n4388/</link>
		<pubDate>Thu, 28 Oct 2010 14:41:04 +0000</pubDate>
		<dc:creator><![CDATA[admin]]></dc:creator>
		
		<guid isPermaLink="false">http://truetothebook:8888/wp-content/uploads/2010/10/n4388.jpg</guid>
		<description></description>
		<content:encoded><![CDATA[]]></content:encoded>
		<excerpt:encoded><![CDATA[]]></excerpt:encoded>
		<wp:post_id>15</wp:post_id>
		<wp:post_date>2010-10-28 14:41:04</wp:post_date>
		<wp:post_date_gmt>2010-10-28 14:41:04</wp:post_date_gmt>
		<wp:comment_status>open</wp:comment_status>
		<wp:ping_status>open</wp:ping_status>
		<wp:post_name>n4388</wp:post_name>
		<wp:status>inherit</wp:status>
		<wp:post_parent>14</wp:post_parent>
		<wp:menu_order>0</wp:menu_order>
		<wp:post_type>attachment</wp:post_type>
		<wp:post_password></wp:post_password>
		<wp:is_sticky>0</wp:is_sticky>
				<wp:attachment_url>http://truetothebook:8888/wp-content/uploads/2010/10/n4388.jpg</wp:attachment_url>
								<wp:postmeta>
		<wp:meta_key>_wp_attached_file</wp:meta_key>
		<wp:meta_value><![CDATA[2010/10/n4388.jpg]]></wp:meta_value>
		</wp:postmeta>
				<wp:postmeta>
		<wp:meta_key>_wp_attachment_metadata</wp:meta_key>
		<wp:meta_value><![CDATA[a:6:{s:5:"width";s:3:"311";s:6:"height";s:3:"475";s:14:"hwstring_small";s:22:"height='96' width='62'";s:4:"file";s:17:"2010/10/n4388.jpg";s:5:"sizes";a:2:{s:9:"thumbnail";a:3:{s:4:"file";s:17:"n4388-150x150.jpg";s:5:"width";s:3:"150";s:6:"height";s:3:"150";}s:6:"medium";a:3:{s:4:"file";s:17:"n4388-196x300.jpg";s:5:"width";s:3:"196";s:6:"height";s:3:"300";}}s:10:"image_meta";a:10:{s:8:"aperture";s:1:"0";s:6:"credit";s:0:"";s:6:"camera";s:0:"";s:7:"caption";s:0:"";s:17:"created_timestamp";s:1:"0";s:9:"copyright";s:0:"";s:12:"focal_length";s:1:"0";s:3:"iso";s:1:"0";s:13:"shutter_speed";s:1:"0";s:5:"title";s:0:"";}}]]></wp:meta_value>
		</wp:postmeta>
							</item>
		<item>
		<title>Phantom Tollbooth</title>
		<link>http://truetothebook:8888/books/phantom-tollbooth/</link>
		<pubDate>Thu, 28 Oct 2010 14:41:39 +0000</pubDate>
		<dc:creator><![CDATA[admin]]></dc:creator>
		
		<guid isPermaLink="false">http://truetothebook:8888/?post_type=book&#038;p=14</guid>
		<description></description>
		<content:encoded><![CDATA[Morbi suscipit, magna vel egestas posuere, ligula purus pellentesque magna, vitae ultrices nulla nulla a eros. Sed posuere porttitor dictum. In at nibh non mauris congue hendrerit sit amet quis velit. Phasellus purus dolor, sagittis eu tincidunt vel, pretium vel lorem. Nam id quam vitae nunc posuere vehicula at nec augue. Lorem ipsum dolor sit amet, consectetur adipiscing elit. Cras eget odio turpis, placerat mollis urna. Maecenas posuere, metus semper egestas sollicitudin, mauris mi condimentum mi, at sollicitudin sapien turpis non elit. Etiam in neque eget ligula aliquet pulvinar. Vestibulum vehicula nunc vitae elit gravida accumsan. Nullam at justo eros. Nunc convallis porttitor elit at consequat. Ut vel augue felis. Sed vitae lectus enim, non molestie felis. Vivamus justo orci, rhoncus vel tempor et, vulputate id dui. Ut eros lorem, gravida vel sagittis ut, faucibus in felis. Nunc vehicula scelerisque mollis.]]></content:encoded>
		<excerpt:encoded><![CDATA[]]></excerpt:encoded>
		<wp:post_id>14</wp:post_id>
		<wp:post_date>2010-10-28 14:41:39</wp:post_date>
		<wp:post_date_gmt>2010-10-28 14:41:39</wp:post_date_gmt>
		<wp:comment_status>closed</wp:comment_status>
		<wp:ping_status>closed</wp:ping_status>
		<wp:post_name>phantom-tollbooth</wp:post_name>
		<wp:status>publish</wp:status>
		<wp:post_parent>0</wp:post_parent>
		<wp:menu_order>0</wp:menu_order>
		<wp:post_type>book</wp:post_type>
		<wp:post_password></wp:post_password>
		<wp:is_sticky>0</wp:is_sticky>
								<wp:postmeta>
		<wp:meta_key>_edit_last</wp:meta_key>
		<wp:meta_value><![CDATA[1]]></wp:meta_value>
		</wp:postmeta>
				<wp:postmeta>
		<wp:meta_key>_edit_lock</wp:meta_key>
		<wp:meta_value><![CDATA[1288638010]]></wp:meta_value>
		</wp:postmeta>
				<wp:postmeta>
		<wp:meta_key>book_author</wp:meta_key>
		<wp:meta_value><![CDATA[Norton Juster]]></wp:meta_value>
		</wp:postmeta>
				<wp:postmeta>
		<wp:meta_key>_thumbnail_id</wp:meta_key>
		<wp:meta_value><![CDATA[15]]></wp:meta_value>
		</wp:postmeta>
				<wp:postmeta>
		<wp:meta_key>slider_style</wp:meta_key>
		<wp:meta_value><![CDATA[default.css]]></wp:meta_value>
		</wp:postmeta>
				<wp:postmeta>
		<wp:meta_key>slide_redirect_url</wp:meta_key>
		<wp:meta_value><![CDATA[http://truetothebook:8888/books/phantom-tollbooth/]]></wp:meta_value>
		</wp:postmeta>
							</item>
		<item>
		<title>a_hole_is_to_dig</title>
		<link>http://truetothebook:8888/books/a-hole-is-to-dig/a_hole_is_to_dig/</link>
		<pubDate>Thu, 28 Oct 2010 14:42:25 +0000</pubDate>
		<dc:creator><![CDATA[admin]]></dc:creator>
		
		<guid isPermaLink="false">http://truetothebook:8888/wp-content/uploads/2010/10/a_hole_is_to_dig.jpeg</guid>
		<description></description>
		<content:encoded><![CDATA[]]></content:encoded>
		<excerpt:encoded><![CDATA[]]></excerpt:encoded>
		<wp:post_id>17</wp:post_id>
		<wp:post_date>2010-10-28 14:42:25</wp:post_date>
		<wp:post_date_gmt>2010-10-28 14:42:25</wp:post_date_gmt>
		<wp:comment_status>open</wp:comment_status>
		<wp:ping_status>open</wp:ping_status>
		<wp:post_name>a_hole_is_to_dig</wp:post_name>
		<wp:status>inherit</wp:status>
		<wp:post_parent>16</wp:post_parent>
		<wp:menu_order>0</wp:menu_order>
		<wp:post_type>attachment</wp:post_type>
		<wp:post_password></wp:post_password>
		<wp:is_sticky>0</wp:is_sticky>
				<wp:attachment_url>http://truetothebook:8888/wp-content/uploads/2010/10/a_hole_is_to_dig.jpeg</wp:attachment_url>
								<wp:postmeta>
		<wp:meta_key>_wp_attached_file</wp:meta_key>
		<wp:meta_value><![CDATA[2010/10/a_hole_is_to_dig.jpeg]]></wp:meta_value>
		</wp:postmeta>
				<wp:postmeta>
		<wp:meta_key>_wp_attachment_metadata</wp:meta_key>
		<wp:meta_value><![CDATA[a:6:{s:5:"width";s:3:"207";s:6:"height";s:3:"261";s:14:"hwstring_small";s:22:"height='96' width='76'";s:4:"file";s:29:"2010/10/a_hole_is_to_dig.jpeg";s:5:"sizes";a:1:{s:9:"thumbnail";a:3:{s:4:"file";s:28:"a_hole_is_to_dig-150x150.jpg";s:5:"width";s:3:"150";s:6:"height";s:3:"150";}}s:10:"image_meta";a:10:{s:8:"aperture";s:1:"0";s:6:"credit";s:0:"";s:6:"camera";s:0:"";s:7:"caption";s:0:"";s:17:"created_timestamp";s:1:"0";s:9:"copyright";s:0:"";s:12:"focal_length";s:1:"0";s:3:"iso";s:1:"0";s:13:"shutter_speed";s:1:"0";s:5:"title";s:0:"";}}]]></wp:meta_value>
		</wp:postmeta>
							</item>
		<item>
		<title>A Hole Is To Dig</title>
		<link>http://truetothebook:8888/books/a-hole-is-to-dig/</link>
		<pubDate>Thu, 28 Oct 2010 14:42:47 +0000</pubDate>
		<dc:creator><![CDATA[admin]]></dc:creator>
		
		<guid isPermaLink="false">http://truetothebook:8888/?post_type=book&#038;p=16</guid>
		<description></description>
		<content:encoded><![CDATA[Nulla facilisi. Nunc lacus diam, euismod a malesuada eu, sagittis id augue. Etiam ligula felis, eleifend quis interdum ac, volutpat vitae erat. Nullam tincidunt ante eget risus egestas a dictum nisi venenatis. Vivamus eu purus vitae nisl pellentesque pulvinar eget quis nunc. Fusce sagittis sollicitudin condimentum. Cum sociis natoque penatibus et magnis dis parturient montes, nascetur ridiculus mus. Nam ullamcorper, felis in iaculis congue, est risus condimentum ipsum, sed semper sapien nisl eget massa. In metus dui, vulputate sit amet suscipit in, ullamcorper in tortor. In vel semper leo. Suspendisse mattis bibendum nulla, vitae tempus mi facilisis quis. Mauris viverra pretium velit id accumsan.]]></content:encoded>
		<excerpt:encoded><![CDATA[]]></excerpt:encoded>
		<wp:post_id>16</wp:post_id>
		<wp:post_date>2010-10-28 14:42:47</wp:post_date>
		<wp:post_date_gmt>2010-10-28 14:42:47</wp:post_date_gmt>
		<wp:comment_status>closed</wp:comment_status>
		<wp:ping_status>closed</wp:ping_status>
		<wp:post_name>a-hole-is-to-dig</wp:post_name>
		<wp:status>publish</wp:status>
		<wp:post_parent>0</wp:post_parent>
		<wp:menu_order>0</wp:menu_order>
		<wp:post_type>book</wp:post_type>
		<wp:post_password></wp:post_password>
		<wp:is_sticky>0</wp:is_sticky>
								<wp:postmeta>
		<wp:meta_key>slide_redirect_url</wp:meta_key>
		<wp:meta_value><![CDATA[http://truetothebook:8888/books/a-hole-is-to-dig/]]></wp:meta_value>
		</wp:postmeta>
				<wp:postmeta>
		<wp:meta_key>slider_style</wp:meta_key>
		<wp:meta_value><![CDATA[default.css]]></wp:meta_value>
		</wp:postmeta>
				<wp:postmeta>
		<wp:meta_key>_edit_last</wp:meta_key>
		<wp:meta_value><![CDATA[1]]></wp:meta_value>
		</wp:postmeta>
				<wp:postmeta>
		<wp:meta_key>_edit_lock</wp:meta_key>
		<wp:meta_value><![CDATA[1288637986]]></wp:meta_value>
		</wp:postmeta>
				<wp:postmeta>
		<wp:meta_key>_thumbnail_id</wp:meta_key>
		<wp:meta_value><![CDATA[17]]></wp:meta_value>
		</wp:postmeta>
				<wp:postmeta>
		<wp:meta_key>book_author</wp:meta_key>
		<wp:meta_value><![CDATA[Maurice Sendak]]></wp:meta_value>
		</wp:postmeta>
							</item>
		<item>
		<title>Our Philosophy</title>
		<link>http://truetothebook:8888/about-us/our-philosophy/</link>
		<pubDate>Fri, 29 Oct 2010 15:39:00 +0000</pubDate>
		<dc:creator><![CDATA[admin]]></dc:creator>
		
		<guid isPermaLink="false">http://truetothebook:8888/</guid>
		<description></description>
		<content:encoded><![CDATA[<h3>Lorem ipsum dolor</h3>
Lorem ipsum dolor sit amet, consectetur adipiscing elit. In congue mattis justo, a iaculis tortor iaculis quis. Cras sodales mollis mauris, vel tincidunt libero sollicitudin laoreet. Ut sem risus, laoreet sed dignissim nec, adipiscing a ligula. Sed porta ullamcorper nibh nec mattis. Integer porta ante id risus feugiat et elementum dui aliquet. Suspendisse sodales, felis sit amet pulvinar viverra, libero risus accumsan mi, et imperdiet neque sapien eget dui. Praesent eu odio sit amet tortor luctus suscipit sed vel enim. 

<h3>Curabitur ullamcorper</h3>
Curabitur ullamcorper, nunc malesuada dictum bibendum, massa ligula aliquet justo, ut mattis neque mi quis odio. Aliquam quis risus sit amet diam sodales porttitor. Pellentesque habitant morbi tristique senectus et netus et malesuada fames ac turpis egestas. Integer gravida aliquam porta. Vivamus sollicitudin nisi sed arcu lobortis ac commodo neque vulputate. Sed et magna eu lorem ornare pretium et in arcu.

<h3>Vivamus nec nulla mi</h3>
Vivamus nec nulla mi, vel porta tellus. Quisque venenatis porttitor quam vel lacinia. Phasellus massa sem, ullamcorper id porta et, tincidunt at dui. Sed tempor sem nec sapien iaculis ac dapibus leo tempor. Curabitur pulvinar lectus tincidunt mi vehicula nec vehicula leo imperdiet. Nunc posuere neque id enim bibendum mollis.

<h3>Nullam convallis sapien</h3>
In ullamcorper, erat sit amet tempor aliquam, augue risus egestas lorem, a ultrices enim lorem ut quam. Nullam convallis sapien non odio laoreet pulvinar et ut lacus. Pellentesque leo eros, egestas in faucibus ac, pellentesque vitae turpis. Sed bibendum magna quis orci faucibus commodo bibendum mauris tincidunt. Sed at libero nunc. Nam eget ultricies tellus. Sed sodales vehicula sem, id fringilla turpis laoreet eu. 

Cum sociis natoque penatibus et magnis dis parturient montes, nascetur ridiculus mus. Vestibulum mattis lectus lacus, sed mollis metus. Aliquam rhoncus risus purus. Suspendisse eros nulla, convallis quis consequat id, dignissim tincidunt magna. Etiam mauris ante, ultricies in euismod eget, elementum ac leo. Sed arcu turpis, egestas tempor porttitor quis, eleifend sit amet felis. Nullam posuere tristique felis vitae vulputate.]]></content:encoded>
		<excerpt:encoded><![CDATA[]]></excerpt:encoded>
		<wp:post_id>33</wp:post_id>
		<wp:post_date>2010-10-29 15:39:00</wp:post_date>
		<wp:post_date_gmt>2010-10-29 15:39:00</wp:post_date_gmt>
		<wp:comment_status>open</wp:comment_status>
		<wp:ping_status>open</wp:ping_status>
		<wp:post_name>our-philosophy</wp:post_name>
		<wp:status>publish</wp:status>
		<wp:post_parent>2</wp:post_parent>
		<wp:menu_order>1</wp:menu_order>
		<wp:post_type>page</wp:post_type>
		<wp:post_password></wp:post_password>
		<wp:is_sticky>0</wp:is_sticky>
								<wp:postmeta>
		<wp:meta_key>_edit_lock</wp:meta_key>
		<wp:meta_value><![CDATA[1288377091]]></wp:meta_value>
		</wp:postmeta>
				<wp:postmeta>
		<wp:meta_key>_edit_last</wp:meta_key>
		<wp:meta_value><![CDATA[1]]></wp:meta_value>
		</wp:postmeta>
				<wp:postmeta>
		<wp:meta_key>slider_style</wp:meta_key>
		<wp:meta_value><![CDATA[default.css]]></wp:meta_value>
		</wp:postmeta>
				<wp:postmeta>
		<wp:meta_key>slide_redirect_url</wp:meta_key>
		<wp:meta_value><![CDATA[http://truetothebook:8888/about-us/our-philosophy/]]></wp:meta_value>
		</wp:postmeta>
							</item>
		<item>
		<title>Announcements</title>
		<link>http://truetothebook:8888/announcements/</link>
		<pubDate>Fri, 29 Oct 2010 15:53:18 +0000</pubDate>
		<dc:creator><![CDATA[admin]]></dc:creator>
		
		<guid isPermaLink="false">http://truetothebook:8888/</guid>
		<description></description>
		<content:encoded><![CDATA[]]></content:encoded>
		<excerpt:encoded><![CDATA[]]></excerpt:encoded>
		<wp:post_id>35</wp:post_id>
		<wp:post_date>2010-10-29 10:53:18</wp:post_date>
		<wp:post_date_gmt>2010-10-29 15:53:18</wp:post_date_gmt>
		<wp:comment_status>closed</wp:comment_status>
		<wp:ping_status>open</wp:ping_status>
		<wp:post_name>announcements</wp:post_name>
		<wp:status>publish</wp:status>
		<wp:post_parent>0</wp:post_parent>
		<wp:menu_order>3</wp:menu_order>
		<wp:post_type>page</wp:post_type>
		<wp:post_password></wp:post_password>
		<wp:is_sticky>0</wp:is_sticky>
								<wp:postmeta>
		<wp:meta_key>_edit_lock</wp:meta_key>
		<wp:meta_value><![CDATA[1288367613]]></wp:meta_value>
		</wp:postmeta>
				<wp:postmeta>
		<wp:meta_key>_edit_last</wp:meta_key>
		<wp:meta_value><![CDATA[1]]></wp:meta_value>
		</wp:postmeta>
							</item>
		<item>
		<title>Contact Us</title>
		<link>http://truetothebook:8888/about-us/contact-us/</link>
		<pubDate>Fri, 29 Oct 2010 15:54:06 +0000</pubDate>
		<dc:creator><![CDATA[admin]]></dc:creator>
		
		<guid isPermaLink="false">http://truetothebook:8888/</guid>
		<description></description>
		<content:encoded><![CDATA[We are located at:
111 Second Ave
Speciality, HQ 11235-8122
(123) 555-1212

<h3>Email us</h3>

[contact-form 1 "Contact Us"] ]]></content:encoded>
		<excerpt:encoded><![CDATA[]]></excerpt:encoded>
		<wp:post_id>39</wp:post_id>
		<wp:post_date>2010-10-29 10:54:06</wp:post_date>
		<wp:post_date_gmt>2010-10-29 15:54:06</wp:post_date_gmt>
		<wp:comment_status>closed</wp:comment_status>
		<wp:ping_status>open</wp:ping_status>
		<wp:post_name>contact-us</wp:post_name>
		<wp:status>publish</wp:status>
		<wp:post_parent>2</wp:post_parent>
		<wp:menu_order>2</wp:menu_order>
		<wp:post_type>page</wp:post_type>
		<wp:post_password></wp:post_password>
		<wp:is_sticky>0</wp:is_sticky>
								<wp:postmeta>
		<wp:meta_key>slide_redirect_url</wp:meta_key>
		<wp:meta_value><![CDATA[http://truetothebook:8888/about-us/contact-us/]]></wp:meta_value>
		</wp:postmeta>
				<wp:postmeta>
		<wp:meta_key>slider_style</wp:meta_key>
		<wp:meta_value><![CDATA[default.css]]></wp:meta_value>
		</wp:postmeta>
				<wp:postmeta>
		<wp:meta_key>_edit_last</wp:meta_key>
		<wp:meta_value><![CDATA[1]]></wp:meta_value>
		</wp:postmeta>
				<wp:postmeta>
		<wp:meta_key>_edit_lock</wp:meta_key>
		<wp:meta_value><![CDATA[1288376072]]></wp:meta_value>
		</wp:postmeta>
							</item>
		<item>
		<title>Home</title>
		<link>http://truetothebook:8888/</link>
		<pubDate>Fri, 29 Oct 2010 15:58:02 +0000</pubDate>
		<dc:creator><![CDATA[admin]]></dc:creator>
		
		<guid isPermaLink="false">http://truetothebook:8888/</guid>
		<description></description>
		<content:encoded><![CDATA[<h2>Welcome to our bookstore!</h2>
Maecenas nisl ante, egestas in tincidunt quis, fermentum in nunc. Vestibulum eu mauris risus. Phasellus nec purus ipsum, sit amet mollis urna. Praesent sed eros quis massa posuere accumsan. Etiam sagittis mollis viverra. 

<h2>Recent Announcements</h2>
[ahs_callposts category="announcements" numberposts="5"]

<a href="/announcements/">All announcements &raquo;</a>
]]></content:encoded>
		<excerpt:encoded><![CDATA[]]></excerpt:encoded>
		<wp:post_id>45</wp:post_id>
		<wp:post_date>2010-10-29 10:58:02</wp:post_date>
		<wp:post_date_gmt>2010-10-29 15:58:02</wp:post_date_gmt>
		<wp:comment_status>closed</wp:comment_status>
		<wp:ping_status>open</wp:ping_status>
		<wp:post_name>home</wp:post_name>
		<wp:status>publish</wp:status>
		<wp:post_parent>0</wp:post_parent>
		<wp:menu_order>0</wp:menu_order>
		<wp:post_type>page</wp:post_type>
		<wp:post_password></wp:post_password>
		<wp:is_sticky>0</wp:is_sticky>
								<wp:postmeta>
		<wp:meta_key>slide_redirect_url</wp:meta_key>
		<wp:meta_value><![CDATA[http://truetothebook:8888/]]></wp:meta_value>
		</wp:postmeta>
				<wp:postmeta>
		<wp:meta_key>slider_style</wp:meta_key>
		<wp:meta_value><![CDATA[default.css]]></wp:meta_value>
		</wp:postmeta>
				<wp:postmeta>
		<wp:meta_key>_edit_lock</wp:meta_key>
		<wp:meta_value><![CDATA[1288376453]]></wp:meta_value>
		</wp:postmeta>
				<wp:postmeta>
		<wp:meta_key>_edit_last</wp:meta_key>
		<wp:meta_value><![CDATA[1]]></wp:meta_value>
		</wp:postmeta>
							</item>
		<item>
		<title></title>
		<link>http://truetothebook:8888/2010/10/54/</link>
		<pubDate>Fri, 29 Oct 2010 16:16:53 +0000</pubDate>
		<dc:creator><![CDATA[admin]]></dc:creator>
		
		<guid isPermaLink="false">http://truetothebook:8888/?p=54</guid>
		<description></description>
		<content:encoded><![CDATA[Welcome to our bookstore!
Maecenas nisl ante, egestas in tincidunt quis, fermentum in nunc. Vestibulum eu mauris risus. Phasellus nec purus ipsum, sit amet mollis urna. Praesent sed eros quis massa posuere accumsan. Etiam sagittis mollis viverra. 

Recent Announcements
[ahs_callposts category="announcements" numberposts="3"]

All announcements »]]></content:encoded>
		<excerpt:encoded><![CDATA[]]></excerpt:encoded>
		<wp:post_id>54</wp:post_id>
		<wp:post_date>2010-10-29 11:16:53</wp:post_date>
		<wp:post_date_gmt>2010-10-29 16:16:53</wp:post_date_gmt>
		<wp:comment_status>closed</wp:comment_status>
		<wp:ping_status>open</wp:ping_status>
		<wp:post_name>54</wp:post_name>
		<wp:status>publish</wp:status>
		<wp:post_parent>0</wp:post_parent>
		<wp:menu_order>1</wp:menu_order>
		<wp:post_type>nav_menu_item</wp:post_type>
		<wp:post_password></wp:post_password>
		<wp:is_sticky>0</wp:is_sticky>
								<wp:postmeta>
		<wp:meta_key>_menu_item_url</wp:meta_key>
		<wp:meta_value><![CDATA[]]></wp:meta_value>
		</wp:postmeta>
				<wp:postmeta>
		<wp:meta_key>_menu_item_xfn</wp:meta_key>
		<wp:meta_value><![CDATA[]]></wp:meta_value>
		</wp:postmeta>
				<wp:postmeta>
		<wp:meta_key>_menu_item_classes</wp:meta_key>
		<wp:meta_value><![CDATA[a:1:{i:0;s:0:"";}]]></wp:meta_value>
		</wp:postmeta>
				<wp:postmeta>
		<wp:meta_key>_menu_item_target</wp:meta_key>
		<wp:meta_value><![CDATA[]]></wp:meta_value>
		</wp:postmeta>
				<wp:postmeta>
		<wp:meta_key>_menu_item_object</wp:meta_key>
		<wp:meta_value><![CDATA[page]]></wp:meta_value>
		</wp:postmeta>
				<wp:postmeta>
		<wp:meta_key>_menu_item_object_id</wp:meta_key>
		<wp:meta_value><![CDATA[45]]></wp:meta_value>
		</wp:postmeta>
				<wp:postmeta>
		<wp:meta_key>_menu_item_menu_item_parent</wp:meta_key>
		<wp:meta_value><![CDATA[0]]></wp:meta_value>
		</wp:postmeta>
				<wp:postmeta>
		<wp:meta_key>_menu_item_type</wp:meta_key>
		<wp:meta_value><![CDATA[post_type]]></wp:meta_value>
		</wp:postmeta>
							</item>
		<item>
		<title></title>
		<link>http://truetothebook:8888/2010/10/56/</link>
		<pubDate>Fri, 29 Oct 2010 16:17:09 +0000</pubDate>
		<dc:creator><![CDATA[admin]]></dc:creator>
		
		<guid isPermaLink="false">http://truetothebook:8888/?p=56</guid>
		<description></description>
		<content:encoded><![CDATA[We are located at:
111 Second Ave
Speciality, HQ 11235-8122
(123) 555-1212

Email us

[contact-form 1 "Contact Us"] ]]></content:encoded>
		<excerpt:encoded><![CDATA[]]></excerpt:encoded>
		<wp:post_id>56</wp:post_id>
		<wp:post_date>2010-10-29 11:17:09</wp:post_date>
		<wp:post_date_gmt>2010-10-29 16:17:09</wp:post_date_gmt>
		<wp:comment_status>closed</wp:comment_status>
		<wp:ping_status>open</wp:ping_status>
		<wp:post_name>56</wp:post_name>
		<wp:status>publish</wp:status>
		<wp:post_parent>2</wp:post_parent>
		<wp:menu_order>4</wp:menu_order>
		<wp:post_type>nav_menu_item</wp:post_type>
		<wp:post_password></wp:post_password>
		<wp:is_sticky>0</wp:is_sticky>
								<wp:postmeta>
		<wp:meta_key>_menu_item_object_id</wp:meta_key>
		<wp:meta_value><![CDATA[39]]></wp:meta_value>
		</wp:postmeta>
				<wp:postmeta>
		<wp:meta_key>_menu_item_menu_item_parent</wp:meta_key>
		<wp:meta_value><![CDATA[0]]></wp:meta_value>
		</wp:postmeta>
				<wp:postmeta>
		<wp:meta_key>_menu_item_type</wp:meta_key>
		<wp:meta_value><![CDATA[post_type]]></wp:meta_value>
		</wp:postmeta>
				<wp:postmeta>
		<wp:meta_key>_menu_item_object</wp:meta_key>
		<wp:meta_value><![CDATA[page]]></wp:meta_value>
		</wp:postmeta>
				<wp:postmeta>
		<wp:meta_key>_menu_item_target</wp:meta_key>
		<wp:meta_value><![CDATA[]]></wp:meta_value>
		</wp:postmeta>
				<wp:postmeta>
		<wp:meta_key>_menu_item_classes</wp:meta_key>
		<wp:meta_value><![CDATA[a:1:{i:0;s:0:"";}]]></wp:meta_value>
		</wp:postmeta>
				<wp:postmeta>
		<wp:meta_key>_menu_item_xfn</wp:meta_key>
		<wp:meta_value><![CDATA[]]></wp:meta_value>
		</wp:postmeta>
				<wp:postmeta>
		<wp:meta_key>_menu_item_url</wp:meta_key>
		<wp:meta_value><![CDATA[]]></wp:meta_value>
		</wp:postmeta>
							</item>
		<item>
		<title></title>
		<link>http://truetothebook:8888/2010/10/57/</link>
		<pubDate>Fri, 29 Oct 2010 16:17:09 +0000</pubDate>
		<dc:creator><![CDATA[admin]]></dc:creator>
		
		<guid isPermaLink="false">http://truetothebook:8888/?p=57</guid>
		<description></description>
		<content:encoded><![CDATA[ ]]></content:encoded>
		<excerpt:encoded><![CDATA[]]></excerpt:encoded>
		<wp:post_id>57</wp:post_id>
		<wp:post_date>2010-10-29 11:17:09</wp:post_date>
		<wp:post_date_gmt>2010-10-29 16:17:09</wp:post_date_gmt>
		<wp:comment_status>closed</wp:comment_status>
		<wp:ping_status>open</wp:ping_status>
		<wp:post_name>57</wp:post_name>
		<wp:status>publish</wp:status>
		<wp:post_parent>0</wp:post_parent>
		<wp:menu_order>3</wp:menu_order>
		<wp:post_type>nav_menu_item</wp:post_type>
		<wp:post_password></wp:post_password>
		<wp:is_sticky>0</wp:is_sticky>
								<wp:postmeta>
		<wp:meta_key>_menu_item_type</wp:meta_key>
		<wp:meta_value><![CDATA[post_type]]></wp:meta_value>
		</wp:postmeta>
				<wp:postmeta>
		<wp:meta_key>_menu_item_menu_item_parent</wp:meta_key>
		<wp:meta_value><![CDATA[0]]></wp:meta_value>
		</wp:postmeta>
				<wp:postmeta>
		<wp:meta_key>_menu_item_object_id</wp:meta_key>
		<wp:meta_value><![CDATA[35]]></wp:meta_value>
		</wp:postmeta>
				<wp:postmeta>
		<wp:meta_key>_menu_item_object</wp:meta_key>
		<wp:meta_value><![CDATA[page]]></wp:meta_value>
		</wp:postmeta>
				<wp:postmeta>
		<wp:meta_key>_menu_item_target</wp:meta_key>
		<wp:meta_value><![CDATA[]]></wp:meta_value>
		</wp:postmeta>
				<wp:postmeta>
		<wp:meta_key>_menu_item_classes</wp:meta_key>
		<wp:meta_value><![CDATA[a:1:{i:0;s:0:"";}]]></wp:meta_value>
		</wp:postmeta>
				<wp:postmeta>
		<wp:meta_key>_menu_item_xfn</wp:meta_key>
		<wp:meta_value><![CDATA[]]></wp:meta_value>
		</wp:postmeta>
				<wp:postmeta>
		<wp:meta_key>_menu_item_url</wp:meta_key>
		<wp:meta_value><![CDATA[]]></wp:meta_value>
		</wp:postmeta>
							</item>
		<item>
		<title></title>
		<link>http://truetothebook:8888/2010/10/59/</link>
		<pubDate>Fri, 29 Oct 2010 16:36:35 +0000</pubDate>
		<dc:creator><![CDATA[admin]]></dc:creator>
		
		<guid isPermaLink="false">http://truetothebook:8888/?p=59</guid>
		<description></description>
		<content:encoded><![CDATA[Lorem ipsum dolor sit amet, consectetur adipiscing elit. In congue mattis justo, a iaculis tortor iaculis quis. Cras sodales mollis mauris, vel tincidunt libero sollicitudin laoreet. Ut sem risus, laoreet sed dignissim nec, adipiscing a ligula. Sed porta ullamcorper nibh nec mattis. Integer porta ante id risus feugiat et elementum dui aliquet. Suspendisse sodales, felis sit amet pulvinar viverra, libero risus accumsan mi, et imperdiet neque sapien eget dui. Praesent eu odio sit amet tortor luctus suscipit sed vel enim. 

Curabitur ullamcorper, nunc malesuada dictum bibendum, massa ligula aliquet justo, ut mattis neque mi quis odio. Aliquam quis risus sit amet diam sodales porttitor. Pellentesque habitant morbi tristique senectus et netus et malesuada fames ac turpis egestas. Integer gravida aliquam porta. Vivamus sollicitudin nisi sed arcu lobortis ac commodo neque vulputate. Sed et magna eu lorem ornare pretium et in arcu. Vivamus nec nulla mi, vel porta tellus. Quisque venenatis porttitor quam vel lacinia. Phasellus massa sem, ullamcorper id porta et, tincidunt at dui. Sed tempor sem nec sapien iaculis ac dapibus leo tempor. Curabitur pulvinar lectus tincidunt mi vehicula nec vehicula leo imperdiet. Nunc posuere neque id enim bibendum mollis.

In ullamcorper, erat sit amet tempor aliquam, augue risus egestas lorem, a ultrices enim lorem ut quam. Nullam convallis sapien non odio laoreet pulvinar et ut lacus. Pellentesque leo eros, egestas in faucibus ac, pellentesque vitae turpis. Sed bibendum magna quis orci faucibus commodo bibendum mauris tincidunt. Sed at libero nunc. Nam eget ultricies tellus. Sed sodales vehicula sem, id fringilla turpis laoreet eu. 

Cum sociis natoque penatibus et magnis dis parturient montes, nascetur ridiculus mus. Vestibulum mattis lectus lacus, sed mollis metus. Aliquam rhoncus risus purus. Suspendisse eros nulla, convallis quis consequat id, dignissim tincidunt magna. Etiam mauris ante, ultricies in euismod eget, elementum ac leo. Sed arcu turpis, egestas tempor porttitor quis, eleifend sit amet felis. Nullam posuere tristique felis vitae vulputate.
]]></content:encoded>
		<excerpt:encoded><![CDATA[]]></excerpt:encoded>
		<wp:post_id>59</wp:post_id>
		<wp:post_date>2010-10-29 11:36:35</wp:post_date>
		<wp:post_date_gmt>2010-10-29 16:36:35</wp:post_date_gmt>
		<wp:comment_status>closed</wp:comment_status>
		<wp:ping_status>open</wp:ping_status>
		<wp:post_name>59</wp:post_name>
		<wp:status>publish</wp:status>
		<wp:post_parent>0</wp:post_parent>
		<wp:menu_order>9</wp:menu_order>
		<wp:post_type>nav_menu_item</wp:post_type>
		<wp:post_password></wp:post_password>
		<wp:is_sticky>0</wp:is_sticky>
								<wp:postmeta>
		<wp:meta_key>_menu_item_url</wp:meta_key>
		<wp:meta_value><![CDATA[]]></wp:meta_value>
		</wp:postmeta>
				<wp:postmeta>
		<wp:meta_key>_menu_item_xfn</wp:meta_key>
		<wp:meta_value><![CDATA[]]></wp:meta_value>
		</wp:postmeta>
				<wp:postmeta>
		<wp:meta_key>_menu_item_classes</wp:meta_key>
		<wp:meta_value><![CDATA[a:1:{i:0;s:0:"";}]]></wp:meta_value>
		</wp:postmeta>
				<wp:postmeta>
		<wp:meta_key>_menu_item_target</wp:meta_key>
		<wp:meta_value><![CDATA[]]></wp:meta_value>
		</wp:postmeta>
				<wp:postmeta>
		<wp:meta_key>_menu_item_object</wp:meta_key>
		<wp:meta_value><![CDATA[page]]></wp:meta_value>
		</wp:postmeta>
				<wp:postmeta>
		<wp:meta_key>_menu_item_object_id</wp:meta_key>
		<wp:meta_value><![CDATA[2]]></wp:meta_value>
		</wp:postmeta>
				<wp:postmeta>
		<wp:meta_key>_menu_item_menu_item_parent</wp:meta_key>
		<wp:meta_value><![CDATA[0]]></wp:meta_value>
		</wp:postmeta>
				<wp:postmeta>
		<wp:meta_key>_menu_item_type</wp:meta_key>
		<wp:meta_value><![CDATA[post_type]]></wp:meta_value>
		</wp:postmeta>
							</item>
		<item>
		<title></title>
		<link>http://truetothebook:8888/2010/10/58/</link>
		<pubDate>Fri, 29 Oct 2010 16:36:35 +0000</pubDate>
		<dc:creator><![CDATA[admin]]></dc:creator>
		
		<guid isPermaLink="false">http://truetothebook:8888/?p=58</guid>
		<description></description>
		<content:encoded><![CDATA[ ]]></content:encoded>
		<excerpt:encoded><![CDATA[]]></excerpt:encoded>
		<wp:post_id>58</wp:post_id>
		<wp:post_date>2010-10-29 11:36:35</wp:post_date>
		<wp:post_date_gmt>2010-10-29 16:36:35</wp:post_date_gmt>
		<wp:comment_status>closed</wp:comment_status>
		<wp:ping_status>open</wp:ping_status>
		<wp:post_name>58</wp:post_name>
		<wp:status>publish</wp:status>
		<wp:post_parent>0</wp:post_parent>
		<wp:menu_order>8</wp:menu_order>
		<wp:post_type>nav_menu_item</wp:post_type>
		<wp:post_password></wp:post_password>
		<wp:is_sticky>0</wp:is_sticky>
								<wp:postmeta>
		<wp:meta_key>_menu_item_url</wp:meta_key>
		<wp:meta_value><![CDATA[]]></wp:meta_value>
		</wp:postmeta>
				<wp:postmeta>
		<wp:meta_key>_menu_item_xfn</wp:meta_key>
		<wp:meta_value><![CDATA[]]></wp:meta_value>
		</wp:postmeta>
				<wp:postmeta>
		<wp:meta_key>_menu_item_classes</wp:meta_key>
		<wp:meta_value><![CDATA[a:1:{i:0;s:0:"";}]]></wp:meta_value>
		</wp:postmeta>
				<wp:postmeta>
		<wp:meta_key>_menu_item_target</wp:meta_key>
		<wp:meta_value><![CDATA[]]></wp:meta_value>
		</wp:postmeta>
				<wp:postmeta>
		<wp:meta_key>_menu_item_object</wp:meta_key>
		<wp:meta_value><![CDATA[page]]></wp:meta_value>
		</wp:postmeta>
				<wp:postmeta>
		<wp:meta_key>_menu_item_object_id</wp:meta_key>
		<wp:meta_value><![CDATA[35]]></wp:meta_value>
		</wp:postmeta>
				<wp:postmeta>
		<wp:meta_key>_menu_item_menu_item_parent</wp:meta_key>
		<wp:meta_value><![CDATA[0]]></wp:meta_value>
		</wp:postmeta>
				<wp:postmeta>
		<wp:meta_key>_menu_item_type</wp:meta_key>
		<wp:meta_value><![CDATA[post_type]]></wp:meta_value>
		</wp:postmeta>
							</item>
		<item>
		<title>Newest Maurice Sendak book to arrive Friday</title>
		<link>http://truetothebook:8888/2010/10/newest-maurice-sendak-book-to-arrive-friday/</link>
		<pubDate>Fri, 29 Oct 2010 17:42:03 +0000</pubDate>
		<dc:creator><![CDATA[admin]]></dc:creator>
		
		<category><![CDATA[Announcements]]></category>

		<category domain="category" nicename="announcements"><![CDATA[Announcements]]></category>

		<guid isPermaLink="false">http://truetothebook:8888/?p=60</guid>
		<description></description>
		<content:encoded><![CDATA[Everyone has been eagerly awaiting Maurice Sendak's newest book, <em>Phasellus ut aliquet libero</em>, quisque congue sagittis quam, nec ultricies nunc ultricies vel. Nulla libero arcu, tristique eu consequat nec, tincidunt a justo. Phasellus at arcu eget est gravida venenatis at accumsan nunc. Etiam pharetra urna id lacus ultrices eget accumsan odio vehicula. Nam dictum rhoncus ultrices. Duis ut felis ac lorem placerat imperdiet at congue ante. Mauris felis nunc, consequat vel euismod vel, cursus ut lectus. 

Phasellus odio mauris, euismod et lacinia vel, sollicitudin condimentum mauris. Praesent eget quam dui. Maecenas velit ipsum, pulvinar sit amet consequat a, malesuada eu magna. Maecenas tincidunt accumsan mollis. Class aptent taciti sociosqu ad litora torquent per conubia nostra, per inceptos himenaeos. Vestibulum ut libero ut mi sagittis varius at eu augue.
]]></content:encoded>
		<excerpt:encoded><![CDATA[]]></excerpt:encoded>
		<wp:post_id>60</wp:post_id>
		<wp:post_date>2010-10-29 12:42:03</wp:post_date>
		<wp:post_date_gmt>2010-10-29 17:42:03</wp:post_date_gmt>
		<wp:comment_status>closed</wp:comment_status>
		<wp:ping_status>open</wp:ping_status>
		<wp:post_name>newest-maurice-sendak-book-to-arrive-friday</wp:post_name>
		<wp:status>publish</wp:status>
		<wp:post_parent>0</wp:post_parent>
		<wp:menu_order>0</wp:menu_order>
		<wp:post_type>post</wp:post_type>
		<wp:post_password></wp:post_password>
		<wp:is_sticky>0</wp:is_sticky>
								<wp:postmeta>
		<wp:meta_key>_wp_old_slug</wp:meta_key>
		<wp:meta_value><![CDATA[]]></wp:meta_value>
		</wp:postmeta>
				<wp:postmeta>
		<wp:meta_key>slide_redirect_url</wp:meta_key>
		<wp:meta_value><![CDATA[http://truetothebook:8888/2010/10/newest-maurice-sendak-book-to-arrive-friday/]]></wp:meta_value>
		</wp:postmeta>
				<wp:postmeta>
		<wp:meta_key>slider_style</wp:meta_key>
		<wp:meta_value><![CDATA[default.css]]></wp:meta_value>
		</wp:postmeta>
				<wp:postmeta>
		<wp:meta_key>_edit_last</wp:meta_key>
		<wp:meta_value><![CDATA[1]]></wp:meta_value>
		</wp:postmeta>
				<wp:postmeta>
		<wp:meta_key>_edit_lock</wp:meta_key>
		<wp:meta_value><![CDATA[1288374124]]></wp:meta_value>
		</wp:postmeta>
							</item>
		<item>
		<title>Keep an eye out for Thanksgiving</title>
		<link>http://truetothebook:8888/2010/10/keep-an-eye-out-for-thanksgiving/</link>
		<pubDate>Fri, 29 Oct 2010 17:42:59 +0000</pubDate>
		<dc:creator><![CDATA[admin]]></dc:creator>
		
		<category><![CDATA[Announcements]]></category>

		<category domain="category" nicename="announcements"><![CDATA[Announcements]]></category>

		<guid isPermaLink="false">http://truetothebook:8888/?p=62</guid>
		<description></description>
		<content:encoded><![CDATA[On the three days before Thanksgiving, we'll be having pumpkin-carving events in the store, as well as apple cider, for aliquam imperdiet bibendum ligula ut feugiat. Nam ac justo sed felis fringilla condimentum eu vel lorem. Vestibulum in nisi eu arcu dignissim porttitor id eu nulla. In dolor quam, volutpat eu pretium auctor, congue vel lectus. Aenean ut magna nisi. Phasellus nisi risus, molestie vel vestibulum sed, semper non velit. Fusce adipiscing suscipit ante, sed fermentum diam malesuada id. Morbi non quam in nisl aliquam volutpat. 

Praesent turpis odio, aliquam id vestibulum quis, aliquam eu mi. Cras tincidunt urna eu lorem ultricies convallis. Aliquam porttitor dictum pretium. Maecenas malesuada augue ut magna fringilla quis tempus orci aliquet. Nulla facilisi. Maecenas tempor, est sit amet vulputate molestie, quam lectus feugiat leo, in vehicula mi nisl in augue. Morbi a tellus at risus euismod aliquet sed et risus. Suspendisse sed justo dui, sed pulvinar eros. Vivamus at augue enim.
]]></content:encoded>
		<excerpt:encoded><![CDATA[]]></excerpt:encoded>
		<wp:post_id>62</wp:post_id>
		<wp:post_date>2010-10-29 12:42:59</wp:post_date>
		<wp:post_date_gmt>2010-10-29 17:42:59</wp:post_date_gmt>
		<wp:comment_status>closed</wp:comment_status>
		<wp:ping_status>open</wp:ping_status>
		<wp:post_name>keep-an-eye-out-for-thanksgiving</wp:post_name>
		<wp:status>publish</wp:status>
		<wp:post_parent>0</wp:post_parent>
		<wp:menu_order>0</wp:menu_order>
		<wp:post_type>post</wp:post_type>
		<wp:post_password></wp:post_password>
		<wp:is_sticky>0</wp:is_sticky>
								<wp:postmeta>
		<wp:meta_key>_wp_old_slug</wp:meta_key>
		<wp:meta_value><![CDATA[]]></wp:meta_value>
		</wp:postmeta>
				<wp:postmeta>
		<wp:meta_key>slide_redirect_url</wp:meta_key>
		<wp:meta_value><![CDATA[http://truetothebook:8888/2010/10/keep-an-eye-out-for-thanksgiving/]]></wp:meta_value>
		</wp:postmeta>
				<wp:postmeta>
		<wp:meta_key>slider_style</wp:meta_key>
		<wp:meta_value><![CDATA[default.css]]></wp:meta_value>
		</wp:postmeta>
				<wp:postmeta>
		<wp:meta_key>_edit_last</wp:meta_key>
		<wp:meta_value><![CDATA[1]]></wp:meta_value>
		</wp:postmeta>
				<wp:postmeta>
		<wp:meta_key>_edit_lock</wp:meta_key>
		<wp:meta_value><![CDATA[1288377106]]></wp:meta_value>
		</wp:postmeta>
							</item>
		<item>
		<title></title>
		<link>http://truetothebook:8888/2010/10/66/</link>
		<pubDate>Fri, 29 Oct 2010 17:56:02 +0000</pubDate>
		<dc:creator><![CDATA[admin]]></dc:creator>
		
		<guid isPermaLink="false">http://truetothebook:8888/?p=66</guid>
		<description></description>
		<content:encoded><![CDATA[Lorem ipsum dolor
Lorem ipsum dolor sit amet, consectetur adipiscing elit. In congue mattis justo, a iaculis tortor iaculis quis. Cras sodales mollis mauris, vel tincidunt libero sollicitudin laoreet. Ut sem risus, laoreet sed dignissim nec, adipiscing a ligula. Sed porta ullamcorper nibh nec mattis. Integer porta ante id risus feugiat et elementum dui aliquet. Suspendisse sodales, felis sit amet pulvinar viverra, libero risus accumsan mi, et imperdiet neque sapien eget dui. Praesent eu odio sit amet tortor luctus suscipit sed vel enim. 

Curabitur ullamcorper
Curabitur ullamcorper, nunc malesuada dictum bibendum, massa ligula aliquet justo, ut mattis neque mi quis odio. Aliquam quis risus sit amet diam sodales porttitor. Pellentesque habitant morbi tristique senectus et netus et malesuada fames ac turpis egestas. Integer gravida aliquam porta. Vivamus sollicitudin nisi sed arcu lobortis ac commodo neque vulputate. Sed et magna eu lorem ornare pretium et in arcu.

Vivamus nec nulla mi
Vivamus nec nulla mi, vel porta tellus. Quisque venenatis porttitor quam vel lacinia. Phasellus massa sem, ullamcorper id porta et, tincidunt at dui. Sed tempor sem nec sapien iaculis ac dapibus leo tempor. Curabitur pulvinar lectus tincidunt mi vehicula nec vehicula leo imperdiet. Nunc posuere neque id enim bibendum mollis.

Nullam convallis sapien
In ullamcorper, erat sit amet tempor aliquam, augue risus egestas lorem, a ultrices enim lorem ut quam. Nullam convallis sapien non odio laoreet pulvinar et ut lacus. Pellentesque leo eros, egestas in faucibus ac, pellentesque vitae turpis. Sed bibendum magna quis orci faucibus commodo bibendum mauris tincidunt. Sed at libero nunc. Nam eget ultricies tellus. Sed sodales vehicula sem, id fringilla turpis laoreet eu. 

Cum sociis natoque penatibus et magnis dis parturient montes, nascetur ridiculus mus. Vestibulum mattis lectus lacus, sed mollis metus. Aliquam rhoncus risus purus. Suspendisse eros nulla, convallis quis consequat id, dignissim tincidunt magna. Etiam mauris ante, ultricies in euismod eget, elementum ac leo. Sed arcu turpis, egestas tempor porttitor quis, eleifend sit amet felis. Nullam posuere tristique felis vitae vulputate.]]></content:encoded>
		<excerpt:encoded><![CDATA[]]></excerpt:encoded>
		<wp:post_id>66</wp:post_id>
		<wp:post_date>2010-10-29 12:56:02</wp:post_date>
		<wp:post_date_gmt>2010-10-29 17:56:02</wp:post_date_gmt>
		<wp:comment_status>closed</wp:comment_status>
		<wp:ping_status>open</wp:ping_status>
		<wp:post_name>66</wp:post_name>
		<wp:status>publish</wp:status>
		<wp:post_parent>2</wp:post_parent>
		<wp:menu_order>10</wp:menu_order>
		<wp:post_type>nav_menu_item</wp:post_type>
		<wp:post_password></wp:post_password>
		<wp:is_sticky>0</wp:is_sticky>
								<wp:postmeta>
		<wp:meta_key>_menu_item_target</wp:meta_key>
		<wp:meta_value><![CDATA[]]></wp:meta_value>
		</wp:postmeta>
				<wp:postmeta>
		<wp:meta_key>_menu_item_object</wp:meta_key>
		<wp:meta_value><![CDATA[page]]></wp:meta_value>
		</wp:postmeta>
				<wp:postmeta>
		<wp:meta_key>_menu_item_object_id</wp:meta_key>
		<wp:meta_value><![CDATA[33]]></wp:meta_value>
		</wp:postmeta>
				<wp:postmeta>
		<wp:meta_key>_menu_item_menu_item_parent</wp:meta_key>
		<wp:meta_value><![CDATA[59]]></wp:meta_value>
		</wp:postmeta>
				<wp:postmeta>
		<wp:meta_key>_menu_item_type</wp:meta_key>
		<wp:meta_value><![CDATA[post_type]]></wp:meta_value>
		</wp:postmeta>
				<wp:postmeta>
		<wp:meta_key>_menu_item_url</wp:meta_key>
		<wp:meta_value><![CDATA[]]></wp:meta_value>
		</wp:postmeta>
				<wp:postmeta>
		<wp:meta_key>_menu_item_xfn</wp:meta_key>
		<wp:meta_value><![CDATA[]]></wp:meta_value>
		</wp:postmeta>
				<wp:postmeta>
		<wp:meta_key>_menu_item_classes</wp:meta_key>
		<wp:meta_value><![CDATA[a:1:{i:0;s:0:"";}]]></wp:meta_value>
		</wp:postmeta>
							</item>
		<item>
		<title></title>
		<link>http://truetothebook:8888/2010/10/67/</link>
		<pubDate>Fri, 29 Oct 2010 17:56:02 +0000</pubDate>
		<dc:creator><![CDATA[admin]]></dc:creator>
		
		<guid isPermaLink="false">http://truetothebook:8888/?p=67</guid>
		<description></description>
		<content:encoded><![CDATA[We are located at:
111 Second Ave
Speciality, HQ 11235-8122
(123) 555-1212

Email us

[contact-form 1 "Contact Us"] ]]></content:encoded>
		<excerpt:encoded><![CDATA[]]></excerpt:encoded>
		<wp:post_id>67</wp:post_id>
		<wp:post_date>2010-10-29 12:56:02</wp:post_date>
		<wp:post_date_gmt>2010-10-29 17:56:02</wp:post_date_gmt>
		<wp:comment_status>closed</wp:comment_status>
		<wp:ping_status>open</wp:ping_status>
		<wp:post_name>67</wp:post_name>
		<wp:status>publish</wp:status>
		<wp:post_parent>2</wp:post_parent>
		<wp:menu_order>11</wp:menu_order>
		<wp:post_type>nav_menu_item</wp:post_type>
		<wp:post_password></wp:post_password>
		<wp:is_sticky>0</wp:is_sticky>
								<wp:postmeta>
		<wp:meta_key>_menu_item_url</wp:meta_key>
		<wp:meta_value><![CDATA[]]></wp:meta_value>
		</wp:postmeta>
				<wp:postmeta>
		<wp:meta_key>_menu_item_xfn</wp:meta_key>
		<wp:meta_value><![CDATA[]]></wp:meta_value>
		</wp:postmeta>
				<wp:postmeta>
		<wp:meta_key>_menu_item_classes</wp:meta_key>
		<wp:meta_value><![CDATA[a:1:{i:0;s:0:"";}]]></wp:meta_value>
		</wp:postmeta>
				<wp:postmeta>
		<wp:meta_key>_menu_item_target</wp:meta_key>
		<wp:meta_value><![CDATA[]]></wp:meta_value>
		</wp:postmeta>
				<wp:postmeta>
		<wp:meta_key>_menu_item_object</wp:meta_key>
		<wp:meta_value><![CDATA[page]]></wp:meta_value>
		</wp:postmeta>
				<wp:postmeta>
		<wp:meta_key>_menu_item_object_id</wp:meta_key>
		<wp:meta_value><![CDATA[39]]></wp:meta_value>
		</wp:postmeta>
				<wp:postmeta>
		<wp:meta_key>_menu_item_menu_item_parent</wp:meta_key>
		<wp:meta_value><![CDATA[59]]></wp:meta_value>
		</wp:postmeta>
				<wp:postmeta>
		<wp:meta_key>_menu_item_type</wp:meta_key>
		<wp:meta_value><![CDATA[post_type]]></wp:meta_value>
		</wp:postmeta>
							</item>
		<item>
		<title>frogandtoad</title>
		<link>http://truetothebook:8888/books/frog-and-toad-all-year/frogandtoad/</link>
		<pubDate>Fri, 29 Oct 2010 19:30:31 +0000</pubDate>
		<dc:creator><![CDATA[admin]]></dc:creator>
		
		<guid isPermaLink="false">http://truetothebook:8888/wp-content/uploads/2010/10/frogandtoad.jpg</guid>
		<description></description>
		<content:encoded><![CDATA[]]></content:encoded>
		<excerpt:encoded><![CDATA[]]></excerpt:encoded>
		<wp:post_id>75</wp:post_id>
		<wp:post_date>2010-10-29 14:30:31</wp:post_date>
		<wp:post_date_gmt>2010-10-29 19:30:31</wp:post_date_gmt>
		<wp:comment_status>closed</wp:comment_status>
		<wp:ping_status>open</wp:ping_status>
		<wp:post_name>frogandtoad</wp:post_name>
		<wp:status>inherit</wp:status>
		<wp:post_parent>74</wp:post_parent>
		<wp:menu_order>0</wp:menu_order>
		<wp:post_type>attachment</wp:post_type>
		<wp:post_password></wp:post_password>
		<wp:is_sticky>0</wp:is_sticky>
				<wp:attachment_url>http://truetothebook:8888/wp-content/uploads/2010/10/frogandtoad.jpg</wp:attachment_url>
								<wp:postmeta>
		<wp:meta_key>_wp_attachment_metadata</wp:meta_key>
		<wp:meta_value><![CDATA[a:6:{s:5:"width";s:3:"278";s:6:"height";s:3:"402";s:14:"hwstring_small";s:22:"height='96' width='66'";s:4:"file";s:23:"2010/10/frogandtoad.jpg";s:5:"sizes";a:2:{s:9:"thumbnail";a:3:{s:4:"file";s:23:"frogandtoad-150x150.jpg";s:5:"width";s:3:"150";s:6:"height";s:3:"150";}s:6:"medium";a:3:{s:4:"file";s:23:"frogandtoad-207x300.jpg";s:5:"width";s:3:"207";s:6:"height";s:3:"300";}}s:10:"image_meta";a:10:{s:8:"aperture";s:1:"0";s:6:"credit";s:0:"";s:6:"camera";s:0:"";s:7:"caption";s:0:"";s:17:"created_timestamp";s:1:"0";s:9:"copyright";s:0:"";s:12:"focal_length";s:1:"0";s:3:"iso";s:1:"0";s:13:"shutter_speed";s:1:"0";s:5:"title";s:0:"";}}]]></wp:meta_value>
		</wp:postmeta>
				<wp:postmeta>
		<wp:meta_key>_wp_attached_file</wp:meta_key>
		<wp:meta_value><![CDATA[2010/10/frogandtoad.jpg]]></wp:meta_value>
		</wp:postmeta>
							</item>
		<item>
		<title>Books</title>
		<link>http://truetothebook:8888/2010/11/books/</link>
		<pubDate>Mon, 01 Nov 2010 18:02:13 +0000</pubDate>
		<dc:creator><![CDATA[admin]]></dc:creator>
		
		<guid isPermaLink="false">http://truetothebook:8888/?p=77</guid>
		<description></description>
		<content:encoded><![CDATA[]]></content:encoded>
		<excerpt:encoded><![CDATA[]]></excerpt:encoded>
		<wp:post_id>77</wp:post_id>
		<wp:post_date>2010-11-01 13:02:13</wp:post_date>
		<wp:post_date_gmt>2010-11-01 18:02:13</wp:post_date_gmt>
		<wp:comment_status>closed</wp:comment_status>
		<wp:ping_status>open</wp:ping_status>
		<wp:post_name>books</wp:post_name>
		<wp:status>publish</wp:status>
		<wp:post_parent>0</wp:post_parent>
		<wp:menu_order>1</wp:menu_order>
		<wp:post_type>nav_menu_item</wp:post_type>
		<wp:post_password></wp:post_password>
		<wp:is_sticky>0</wp:is_sticky>
								<wp:postmeta>
		<wp:meta_key>_menu_item_type</wp:meta_key>
		<wp:meta_value><![CDATA[custom]]></wp:meta_value>
		</wp:postmeta>
				<wp:postmeta>
		<wp:meta_key>_menu_item_menu_item_parent</wp:meta_key>
		<wp:meta_value><![CDATA[0]]></wp:meta_value>
		</wp:postmeta>
				<wp:postmeta>
		<wp:meta_key>_menu_item_object_id</wp:meta_key>
		<wp:meta_value><![CDATA[77]]></wp:meta_value>
		</wp:postmeta>
				<wp:postmeta>
		<wp:meta_key>_menu_item_object</wp:meta_key>
		<wp:meta_value><![CDATA[custom]]></wp:meta_value>
		</wp:postmeta>
				<wp:postmeta>
		<wp:meta_key>_menu_item_target</wp:meta_key>
		<wp:meta_value><![CDATA[]]></wp:meta_value>
		</wp:postmeta>
				<wp:postmeta>
		<wp:meta_key>_menu_item_classes</wp:meta_key>
		<wp:meta_value><![CDATA[a:1:{i:0;s:0:"";}]]></wp:meta_value>
		</wp:postmeta>
				<wp:postmeta>
		<wp:meta_key>_menu_item_xfn</wp:meta_key>
		<wp:meta_value><![CDATA[]]></wp:meta_value>
		</wp:postmeta>
				<wp:postmeta>
		<wp:meta_key>_menu_item_url</wp:meta_key>
		<wp:meta_value><![CDATA[/books/]]></wp:meta_value>
		</wp:postmeta>
							</item>
		<item>
		<title>Books</title>
		<link>http://truetothebook:8888/2010/11/books-2/</link>
		<pubDate>Mon, 01 Nov 2010 18:02:32 +0000</pubDate>
		<dc:creator><![CDATA[admin]]></dc:creator>
		
		<guid isPermaLink="false">http://truetothebook:8888/?p=78</guid>
		<description></description>
		<content:encoded><![CDATA[]]></content:encoded>
		<excerpt:encoded><![CDATA[]]></excerpt:encoded>
		<wp:post_id>78</wp:post_id>
		<wp:post_date>2010-11-01 13:02:32</wp:post_date>
		<wp:post_date_gmt>2010-11-01 18:02:32</wp:post_date_gmt>
		<wp:comment_status>closed</wp:comment_status>
		<wp:ping_status>open</wp:ping_status>
		<wp:post_name>books-2</wp:post_name>
		<wp:status>publish</wp:status>
		<wp:post_parent>0</wp:post_parent>
		<wp:menu_order>2</wp:menu_order>
		<wp:post_type>nav_menu_item</wp:post_type>
		<wp:post_password></wp:post_password>
		<wp:is_sticky>0</wp:is_sticky>
								<wp:postmeta>
		<wp:meta_key>_menu_item_url</wp:meta_key>
		<wp:meta_value><![CDATA[/books]]></wp:meta_value>
		</wp:postmeta>
				<wp:postmeta>
		<wp:meta_key>_menu_item_xfn</wp:meta_key>
		<wp:meta_value><![CDATA[]]></wp:meta_value>
		</wp:postmeta>
				<wp:postmeta>
		<wp:meta_key>_menu_item_classes</wp:meta_key>
		<wp:meta_value><![CDATA[a:1:{i:0;s:0:"";}]]></wp:meta_value>
		</wp:postmeta>
				<wp:postmeta>
		<wp:meta_key>_menu_item_target</wp:meta_key>
		<wp:meta_value><![CDATA[]]></wp:meta_value>
		</wp:postmeta>
				<wp:postmeta>
		<wp:meta_key>_menu_item_object</wp:meta_key>
		<wp:meta_value><![CDATA[custom]]></wp:meta_value>
		</wp:postmeta>
				<wp:postmeta>
		<wp:meta_key>_menu_item_object_id</wp:meta_key>
		<wp:meta_value><![CDATA[78]]></wp:meta_value>
		</wp:postmeta>
				<wp:postmeta>
		<wp:meta_key>_menu_item_type</wp:meta_key>
		<wp:meta_value><![CDATA[custom]]></wp:meta_value>
		</wp:postmeta>
				<wp:postmeta>
		<wp:meta_key>_menu_item_menu_item_parent</wp:meta_key>
		<wp:meta_value><![CDATA[0]]></wp:meta_value>
		</wp:postmeta>
							</item>
		<item>
		<title></title>
		<link>http://truetothebook:8888/2010/11/85/</link>
		<pubDate>Mon, 01 Nov 2010 18:47:47 +0000</pubDate>
		<dc:creator><![CDATA[admin]]></dc:creator>
		
		<guid isPermaLink="false">http://truetothebook:8888/?p=85</guid>
		<description></description>
		<content:encoded><![CDATA[ ]]></content:encoded>
		<excerpt:encoded><![CDATA[]]></excerpt:encoded>
		<wp:post_id>85</wp:post_id>
		<wp:post_date>2010-11-01 13:47:47</wp:post_date>
		<wp:post_date_gmt>2010-11-01 18:47:47</wp:post_date_gmt>
		<wp:comment_status>closed</wp:comment_status>
		<wp:ping_status>open</wp:ping_status>
		<wp:post_name>85</wp:post_name>
		<wp:status>publish</wp:status>
		<wp:post_parent>0</wp:post_parent>
		<wp:menu_order>4</wp:menu_order>
		<wp:post_type>nav_menu_item</wp:post_type>
		<wp:post_password></wp:post_password>
		<wp:is_sticky>0</wp:is_sticky>
								<wp:postmeta>
		<wp:meta_key>_menu_item_target</wp:meta_key>
		<wp:meta_value><![CDATA[]]></wp:meta_value>
		</wp:postmeta>
				<wp:postmeta>
		<wp:meta_key>_menu_item_classes</wp:meta_key>
		<wp:meta_value><![CDATA[a:1:{i:0;s:0:"";}]]></wp:meta_value>
		</wp:postmeta>
				<wp:postmeta>
		<wp:meta_key>_menu_item_object</wp:meta_key>
		<wp:meta_value><![CDATA[book_category]]></wp:meta_value>
		</wp:postmeta>
				<wp:postmeta>
		<wp:meta_key>_menu_item_object_id</wp:meta_key>
		<wp:meta_value><![CDATA[4]]></wp:meta_value>
		</wp:postmeta>
				<wp:postmeta>
		<wp:meta_key>_menu_item_menu_item_parent</wp:meta_key>
		<wp:meta_value><![CDATA[77]]></wp:meta_value>
		</wp:postmeta>
				<wp:postmeta>
		<wp:meta_key>_menu_item_type</wp:meta_key>
		<wp:meta_value><![CDATA[taxonomy]]></wp:meta_value>
		</wp:postmeta>
				<wp:postmeta>
		<wp:meta_key>_menu_item_xfn</wp:meta_key>
		<wp:meta_value><![CDATA[]]></wp:meta_value>
		</wp:postmeta>
				<wp:postmeta>
		<wp:meta_key>_menu_item_url</wp:meta_key>
		<wp:meta_value><![CDATA[]]></wp:meta_value>
		</wp:postmeta>
							</item>
		<item>
		<title></title>
		<link>http://truetothebook:8888/2010/11/86/</link>
		<pubDate>Mon, 01 Nov 2010 18:47:47 +0000</pubDate>
		<dc:creator><![CDATA[admin]]></dc:creator>
		
		<guid isPermaLink="false">http://truetothebook:8888/?p=86</guid>
		<description></description>
		<content:encoded><![CDATA[ ]]></content:encoded>
		<excerpt:encoded><![CDATA[]]></excerpt:encoded>
		<wp:post_id>86</wp:post_id>
		<wp:post_date>2010-11-01 13:47:47</wp:post_date>
		<wp:post_date_gmt>2010-11-01 18:47:47</wp:post_date_gmt>
		<wp:comment_status>closed</wp:comment_status>
		<wp:ping_status>open</wp:ping_status>
		<wp:post_name>86</wp:post_name>
		<wp:status>publish</wp:status>
		<wp:post_parent>0</wp:post_parent>
		<wp:menu_order>3</wp:menu_order>
		<wp:post_type>nav_menu_item</wp:post_type>
		<wp:post_password></wp:post_password>
		<wp:is_sticky>0</wp:is_sticky>
								<wp:postmeta>
		<wp:meta_key>_menu_item_type</wp:meta_key>
		<wp:meta_value><![CDATA[taxonomy]]></wp:meta_value>
		</wp:postmeta>
				<wp:postmeta>
		<wp:meta_key>_menu_item_menu_item_parent</wp:meta_key>
		<wp:meta_value><![CDATA[77]]></wp:meta_value>
		</wp:postmeta>
				<wp:postmeta>
		<wp:meta_key>_menu_item_object_id</wp:meta_key>
		<wp:meta_value><![CDATA[5]]></wp:meta_value>
		</wp:postmeta>
				<wp:postmeta>
		<wp:meta_key>_menu_item_object</wp:meta_key>
		<wp:meta_value><![CDATA[book_category]]></wp:meta_value>
		</wp:postmeta>
				<wp:postmeta>
		<wp:meta_key>_menu_item_target</wp:meta_key>
		<wp:meta_value><![CDATA[]]></wp:meta_value>
		</wp:postmeta>
				<wp:postmeta>
		<wp:meta_key>_menu_item_classes</wp:meta_key>
		<wp:meta_value><![CDATA[a:1:{i:0;s:0:"";}]]></wp:meta_value>
		</wp:postmeta>
				<wp:postmeta>
		<wp:meta_key>_menu_item_xfn</wp:meta_key>
		<wp:meta_value><![CDATA[]]></wp:meta_value>
		</wp:postmeta>
				<wp:postmeta>
		<wp:meta_key>_menu_item_url</wp:meta_key>
		<wp:meta_value><![CDATA[]]></wp:meta_value>
		</wp:postmeta>
							</item>
		<item>
		<title></title>
		<link>http://truetothebook:8888/2010/11/87/</link>
		<pubDate>Mon, 01 Nov 2010 18:47:47 +0000</pubDate>
		<dc:creator><![CDATA[admin]]></dc:creator>
		
		<guid isPermaLink="false">http://truetothebook:8888/?p=87</guid>
		<description></description>
		<content:encoded><![CDATA[ ]]></content:encoded>
		<excerpt:encoded><![CDATA[]]></excerpt:encoded>
		<wp:post_id>87</wp:post_id>
		<wp:post_date>2010-11-01 13:47:47</wp:post_date>
		<wp:post_date_gmt>2010-11-01 18:47:47</wp:post_date_gmt>
		<wp:comment_status>closed</wp:comment_status>
		<wp:ping_status>open</wp:ping_status>
		<wp:post_name>87</wp:post_name>
		<wp:status>publish</wp:status>
		<wp:post_parent>0</wp:post_parent>
		<wp:menu_order>5</wp:menu_order>
		<wp:post_type>nav_menu_item</wp:post_type>
		<wp:post_password></wp:post_password>
		<wp:is_sticky>0</wp:is_sticky>
								<wp:postmeta>
		<wp:meta_key>_menu_item_type</wp:meta_key>
		<wp:meta_value><![CDATA[taxonomy]]></wp:meta_value>
		</wp:postmeta>
				<wp:postmeta>
		<wp:meta_key>_menu_item_menu_item_parent</wp:meta_key>
		<wp:meta_value><![CDATA[77]]></wp:meta_value>
		</wp:postmeta>
				<wp:postmeta>
		<wp:meta_key>_menu_item_object_id</wp:meta_key>
		<wp:meta_value><![CDATA[6]]></wp:meta_value>
		</wp:postmeta>
				<wp:postmeta>
		<wp:meta_key>_menu_item_object</wp:meta_key>
		<wp:meta_value><![CDATA[book_category]]></wp:meta_value>
		</wp:postmeta>
				<wp:postmeta>
		<wp:meta_key>_menu_item_target</wp:meta_key>
		<wp:meta_value><![CDATA[]]></wp:meta_value>
		</wp:postmeta>
				<wp:postmeta>
		<wp:meta_key>_menu_item_classes</wp:meta_key>
		<wp:meta_value><![CDATA[a:1:{i:0;s:0:"";}]]></wp:meta_value>
		</wp:postmeta>
				<wp:postmeta>
		<wp:meta_key>_menu_item_xfn</wp:meta_key>
		<wp:meta_value><![CDATA[]]></wp:meta_value>
		</wp:postmeta>
				<wp:postmeta>
		<wp:meta_key>_menu_item_url</wp:meta_key>
		<wp:meta_value><![CDATA[]]></wp:meta_value>
		</wp:postmeta>
							</item>
		<item>
		<title></title>
		<link>http://truetothebook:8888/2010/11/88/</link>
		<pubDate>Mon, 01 Nov 2010 18:47:47 +0000</pubDate>
		<dc:creator><![CDATA[admin]]></dc:creator>
		
		<guid isPermaLink="false">http://truetothebook:8888/?p=88</guid>
		<description></description>
		<content:encoded><![CDATA[ ]]></content:encoded>
		<excerpt:encoded><![CDATA[]]></excerpt:encoded>
		<wp:post_id>88</wp:post_id>
		<wp:post_date>2010-11-01 13:47:47</wp:post_date>
		<wp:post_date_gmt>2010-11-01 18:47:47</wp:post_date_gmt>
		<wp:comment_status>closed</wp:comment_status>
		<wp:ping_status>open</wp:ping_status>
		<wp:post_name>88</wp:post_name>
		<wp:status>publish</wp:status>
		<wp:post_parent>0</wp:post_parent>
		<wp:menu_order>2</wp:menu_order>
		<wp:post_type>nav_menu_item</wp:post_type>
		<wp:post_password></wp:post_password>
		<wp:is_sticky>0</wp:is_sticky>
								<wp:postmeta>
		<wp:meta_key>_menu_item_type</wp:meta_key>
		<wp:meta_value><![CDATA[taxonomy]]></wp:meta_value>
		</wp:postmeta>
				<wp:postmeta>
		<wp:meta_key>_menu_item_menu_item_parent</wp:meta_key>
		<wp:meta_value><![CDATA[77]]></wp:meta_value>
		</wp:postmeta>
				<wp:postmeta>
		<wp:meta_key>_menu_item_object_id</wp:meta_key>
		<wp:meta_value><![CDATA[7]]></wp:meta_value>
		</wp:postmeta>
				<wp:postmeta>
		<wp:meta_key>_menu_item_object</wp:meta_key>
		<wp:meta_value><![CDATA[book_category]]></wp:meta_value>
		</wp:postmeta>
				<wp:postmeta>
		<wp:meta_key>_menu_item_target</wp:meta_key>
		<wp:meta_value><![CDATA[]]></wp:meta_value>
		</wp:postmeta>
				<wp:postmeta>
		<wp:meta_key>_menu_item_classes</wp:meta_key>
		<wp:meta_value><![CDATA[a:1:{i:0;s:0:"";}]]></wp:meta_value>
		</wp:postmeta>
				<wp:postmeta>
		<wp:meta_key>_menu_item_xfn</wp:meta_key>
		<wp:meta_value><![CDATA[]]></wp:meta_value>
		</wp:postmeta>
				<wp:postmeta>
		<wp:meta_key>_menu_item_url</wp:meta_key>
		<wp:meta_value><![CDATA[]]></wp:meta_value>
		</wp:postmeta>
							</item>
		<item>
		<title></title>
		<link>http://truetothebook:8888/2010/11/89/</link>
		<pubDate>Mon, 01 Nov 2010 18:47:47 +0000</pubDate>
		<dc:creator><![CDATA[admin]]></dc:creator>
		
		<guid isPermaLink="false">http://truetothebook:8888/?p=89</guid>
		<description></description>
		<content:encoded><![CDATA[ ]]></content:encoded>
		<excerpt:encoded><![CDATA[]]></excerpt:encoded>
		<wp:post_id>89</wp:post_id>
		<wp:post_date>2010-11-01 13:47:47</wp:post_date>
		<wp:post_date_gmt>2010-11-01 18:47:47</wp:post_date_gmt>
		<wp:comment_status>closed</wp:comment_status>
		<wp:ping_status>open</wp:ping_status>
		<wp:post_name>89</wp:post_name>
		<wp:status>publish</wp:status>
		<wp:post_parent>0</wp:post_parent>
		<wp:menu_order>6</wp:menu_order>
		<wp:post_type>nav_menu_item</wp:post_type>
		<wp:post_password></wp:post_password>
		<wp:is_sticky>0</wp:is_sticky>
								<wp:postmeta>
		<wp:meta_key>_menu_item_type</wp:meta_key>
		<wp:meta_value><![CDATA[taxonomy]]></wp:meta_value>
		</wp:postmeta>
				<wp:postmeta>
		<wp:meta_key>_menu_item_menu_item_parent</wp:meta_key>
		<wp:meta_value><![CDATA[77]]></wp:meta_value>
		</wp:postmeta>
				<wp:postmeta>
		<wp:meta_key>_menu_item_object_id</wp:meta_key>
		<wp:meta_value><![CDATA[8]]></wp:meta_value>
		</wp:postmeta>
				<wp:postmeta>
		<wp:meta_key>_menu_item_object</wp:meta_key>
		<wp:meta_value><![CDATA[book_category]]></wp:meta_value>
		</wp:postmeta>
				<wp:postmeta>
		<wp:meta_key>_menu_item_target</wp:meta_key>
		<wp:meta_value><![CDATA[]]></wp:meta_value>
		</wp:postmeta>
				<wp:postmeta>
		<wp:meta_key>_menu_item_classes</wp:meta_key>
		<wp:meta_value><![CDATA[a:1:{i:0;s:0:"";}]]></wp:meta_value>
		</wp:postmeta>
				<wp:postmeta>
		<wp:meta_key>_menu_item_xfn</wp:meta_key>
		<wp:meta_value><![CDATA[]]></wp:meta_value>
		</wp:postmeta>
				<wp:postmeta>
		<wp:meta_key>_menu_item_url</wp:meta_key>
		<wp:meta_value><![CDATA[]]></wp:meta_value>
		</wp:postmeta>
							</item>
		<item>
		<title></title>
		<link>http://truetothebook:8888/2010/11/90/</link>
		<pubDate>Mon, 01 Nov 2010 18:47:47 +0000</pubDate>
		<dc:creator><![CDATA[admin]]></dc:creator>
		
		<guid isPermaLink="false">http://truetothebook:8888/?p=90</guid>
		<description></description>
		<content:encoded><![CDATA[ ]]></content:encoded>
		<excerpt:encoded><![CDATA[]]></excerpt:encoded>
		<wp:post_id>90</wp:post_id>
		<wp:post_date>2010-11-01 13:47:47</wp:post_date>
		<wp:post_date_gmt>2010-11-01 18:47:47</wp:post_date_gmt>
		<wp:comment_status>closed</wp:comment_status>
		<wp:ping_status>open</wp:ping_status>
		<wp:post_name>90</wp:post_name>
		<wp:status>publish</wp:status>
		<wp:post_parent>0</wp:post_parent>
		<wp:menu_order>7</wp:menu_order>
		<wp:post_type>nav_menu_item</wp:post_type>
		<wp:post_password></wp:post_password>
		<wp:is_sticky>0</wp:is_sticky>
								<wp:postmeta>
		<wp:meta_key>_menu_item_type</wp:meta_key>
		<wp:meta_value><![CDATA[taxonomy]]></wp:meta_value>
		</wp:postmeta>
				<wp:postmeta>
		<wp:meta_key>_menu_item_menu_item_parent</wp:meta_key>
		<wp:meta_value><![CDATA[77]]></wp:meta_value>
		</wp:postmeta>
				<wp:postmeta>
		<wp:meta_key>_menu_item_object_id</wp:meta_key>
		<wp:meta_value><![CDATA[9]]></wp:meta_value>
		</wp:postmeta>
				<wp:postmeta>
		<wp:meta_key>_menu_item_object</wp:meta_key>
		<wp:meta_value><![CDATA[book_category]]></wp:meta_value>
		</wp:postmeta>
				<wp:postmeta>
		<wp:meta_key>_menu_item_target</wp:meta_key>
		<wp:meta_value><![CDATA[]]></wp:meta_value>
		</wp:postmeta>
				<wp:postmeta>
		<wp:meta_key>_menu_item_classes</wp:meta_key>
		<wp:meta_value><![CDATA[a:1:{i:0;s:0:"";}]]></wp:meta_value>
		</wp:postmeta>
				<wp:postmeta>
		<wp:meta_key>_menu_item_xfn</wp:meta_key>
		<wp:meta_value><![CDATA[]]></wp:meta_value>
		</wp:postmeta>
				<wp:postmeta>
		<wp:meta_key>_menu_item_url</wp:meta_key>
		<wp:meta_value><![CDATA[]]></wp:meta_value>
		</wp:postmeta>
							</item>
		<item>
		<title></title>
		<link>http://truetothebook:8888/2010/11/94/</link>
		<pubDate>Mon, 01 Nov 2010 18:48:30 +0000</pubDate>
		<dc:creator><![CDATA[admin]]></dc:creator>
		
		<guid isPermaLink="false">http://truetothebook:8888/?p=94</guid>
		<description></description>
		<content:encoded><![CDATA[ ]]></content:encoded>
		<excerpt:encoded><![CDATA[]]></excerpt:encoded>
		<wp:post_id>94</wp:post_id>
		<wp:post_date>2010-11-01 13:48:30</wp:post_date>
		<wp:post_date_gmt>2010-11-01 18:48:30</wp:post_date_gmt>
		<wp:comment_status>closed</wp:comment_status>
		<wp:ping_status>open</wp:ping_status>
		<wp:post_name>94</wp:post_name>
		<wp:status>publish</wp:status>
		<wp:post_parent>0</wp:post_parent>
		<wp:menu_order>1</wp:menu_order>
		<wp:post_type>nav_menu_item</wp:post_type>
		<wp:post_password></wp:post_password>
		<wp:is_sticky>0</wp:is_sticky>
								<wp:postmeta>
		<wp:meta_key>_menu_item_menu_item_parent</wp:meta_key>
		<wp:meta_value><![CDATA[0]]></wp:meta_value>
		</wp:postmeta>
				<wp:postmeta>
		<wp:meta_key>_menu_item_object_id</wp:meta_key>
		<wp:meta_value><![CDATA[7]]></wp:meta_value>
		</wp:postmeta>
				<wp:postmeta>
		<wp:meta_key>_menu_item_object</wp:meta_key>
		<wp:meta_value><![CDATA[book_category]]></wp:meta_value>
		</wp:postmeta>
				<wp:postmeta>
		<wp:meta_key>_menu_item_target</wp:meta_key>
		<wp:meta_value><![CDATA[]]></wp:meta_value>
		</wp:postmeta>
				<wp:postmeta>
		<wp:meta_key>_menu_item_classes</wp:meta_key>
		<wp:meta_value><![CDATA[a:1:{i:0;s:0:"";}]]></wp:meta_value>
		</wp:postmeta>
				<wp:postmeta>
		<wp:meta_key>_menu_item_xfn</wp:meta_key>
		<wp:meta_value><![CDATA[]]></wp:meta_value>
		</wp:postmeta>
				<wp:postmeta>
		<wp:meta_key>_menu_item_url</wp:meta_key>
		<wp:meta_value><![CDATA[]]></wp:meta_value>
		</wp:postmeta>
				<wp:postmeta>
		<wp:meta_key>_menu_item_type</wp:meta_key>
		<wp:meta_value><![CDATA[taxonomy]]></wp:meta_value>
		</wp:postmeta>
							</item>
		<item>
		<title></title>
		<link>http://truetothebook:8888/2010/11/92/</link>
		<pubDate>Mon, 01 Nov 2010 18:48:30 +0000</pubDate>
		<dc:creator><![CDATA[admin]]></dc:creator>
		
		<guid isPermaLink="false">http://truetothebook:8888/?p=92</guid>
		<description></description>
		<content:encoded><![CDATA[ ]]></content:encoded>
		<excerpt:encoded><![CDATA[]]></excerpt:encoded>
		<wp:post_id>92</wp:post_id>
		<wp:post_date>2010-11-01 13:48:30</wp:post_date>
		<wp:post_date_gmt>2010-11-01 18:48:30</wp:post_date_gmt>
		<wp:comment_status>closed</wp:comment_status>
		<wp:ping_status>open</wp:ping_status>
		<wp:post_name>92</wp:post_name>
		<wp:status>publish</wp:status>
		<wp:post_parent>0</wp:post_parent>
		<wp:menu_order>2</wp:menu_order>
		<wp:post_type>nav_menu_item</wp:post_type>
		<wp:post_password></wp:post_password>
		<wp:is_sticky>0</wp:is_sticky>
								<wp:postmeta>
		<wp:meta_key>_menu_item_url</wp:meta_key>
		<wp:meta_value><![CDATA[]]></wp:meta_value>
		</wp:postmeta>
				<wp:postmeta>
		<wp:meta_key>_menu_item_xfn</wp:meta_key>
		<wp:meta_value><![CDATA[]]></wp:meta_value>
		</wp:postmeta>
				<wp:postmeta>
		<wp:meta_key>_menu_item_classes</wp:meta_key>
		<wp:meta_value><![CDATA[a:1:{i:0;s:0:"";}]]></wp:meta_value>
		</wp:postmeta>
				<wp:postmeta>
		<wp:meta_key>_menu_item_target</wp:meta_key>
		<wp:meta_value><![CDATA[]]></wp:meta_value>
		</wp:postmeta>
				<wp:postmeta>
		<wp:meta_key>_menu_item_object</wp:meta_key>
		<wp:meta_value><![CDATA[book_category]]></wp:meta_value>
		</wp:postmeta>
				<wp:postmeta>
		<wp:meta_key>_menu_item_object_id</wp:meta_key>
		<wp:meta_value><![CDATA[5]]></wp:meta_value>
		</wp:postmeta>
				<wp:postmeta>
		<wp:meta_key>_menu_item_menu_item_parent</wp:meta_key>
		<wp:meta_value><![CDATA[0]]></wp:meta_value>
		</wp:postmeta>
				<wp:postmeta>
		<wp:meta_key>_menu_item_type</wp:meta_key>
		<wp:meta_value><![CDATA[taxonomy]]></wp:meta_value>
		</wp:postmeta>
							</item>
		<item>
		<title></title>
		<link>http://truetothebook:8888/2010/11/96/</link>
		<pubDate>Mon, 01 Nov 2010 18:48:30 +0000</pubDate>
		<dc:creator><![CDATA[admin]]></dc:creator>
		
		<guid isPermaLink="false">http://truetothebook:8888/?p=96</guid>
		<description></description>
		<content:encoded><![CDATA[ ]]></content:encoded>
		<excerpt:encoded><![CDATA[]]></excerpt:encoded>
		<wp:post_id>96</wp:post_id>
		<wp:post_date>2010-11-01 13:48:30</wp:post_date>
		<wp:post_date_gmt>2010-11-01 18:48:30</wp:post_date_gmt>
		<wp:comment_status>closed</wp:comment_status>
		<wp:ping_status>open</wp:ping_status>
		<wp:post_name>96</wp:post_name>
		<wp:status>publish</wp:status>
		<wp:post_parent>0</wp:post_parent>
		<wp:menu_order>6</wp:menu_order>
		<wp:post_type>nav_menu_item</wp:post_type>
		<wp:post_password></wp:post_password>
		<wp:is_sticky>0</wp:is_sticky>
								<wp:postmeta>
		<wp:meta_key>_menu_item_type</wp:meta_key>
		<wp:meta_value><![CDATA[taxonomy]]></wp:meta_value>
		</wp:postmeta>
				<wp:postmeta>
		<wp:meta_key>_menu_item_menu_item_parent</wp:meta_key>
		<wp:meta_value><![CDATA[0]]></wp:meta_value>
		</wp:postmeta>
				<wp:postmeta>
		<wp:meta_key>_menu_item_object_id</wp:meta_key>
		<wp:meta_value><![CDATA[9]]></wp:meta_value>
		</wp:postmeta>
				<wp:postmeta>
		<wp:meta_key>_menu_item_object</wp:meta_key>
		<wp:meta_value><![CDATA[book_category]]></wp:meta_value>
		</wp:postmeta>
				<wp:postmeta>
		<wp:meta_key>_menu_item_target</wp:meta_key>
		<wp:meta_value><![CDATA[]]></wp:meta_value>
		</wp:postmeta>
				<wp:postmeta>
		<wp:meta_key>_menu_item_classes</wp:meta_key>
		<wp:meta_value><![CDATA[a:1:{i:0;s:0:"";}]]></wp:meta_value>
		</wp:postmeta>
				<wp:postmeta>
		<wp:meta_key>_menu_item_xfn</wp:meta_key>
		<wp:meta_value><![CDATA[]]></wp:meta_value>
		</wp:postmeta>
				<wp:postmeta>
		<wp:meta_key>_menu_item_url</wp:meta_key>
		<wp:meta_value><![CDATA[]]></wp:meta_value>
		</wp:postmeta>
							</item>
		<item>
		<title></title>
		<link>http://truetothebook:8888/2010/11/95/</link>
		<pubDate>Mon, 01 Nov 2010 18:48:30 +0000</pubDate>
		<dc:creator><![CDATA[admin]]></dc:creator>
		
		<guid isPermaLink="false">http://truetothebook:8888/?p=95</guid>
		<description></description>
		<content:encoded><![CDATA[ ]]></content:encoded>
		<excerpt:encoded><![CDATA[]]></excerpt:encoded>
		<wp:post_id>95</wp:post_id>
		<wp:post_date>2010-11-01 13:48:30</wp:post_date>
		<wp:post_date_gmt>2010-11-01 18:48:30</wp:post_date_gmt>
		<wp:comment_status>closed</wp:comment_status>
		<wp:ping_status>open</wp:ping_status>
		<wp:post_name>95</wp:post_name>
		<wp:status>publish</wp:status>
		<wp:post_parent>0</wp:post_parent>
		<wp:menu_order>5</wp:menu_order>
		<wp:post_type>nav_menu_item</wp:post_type>
		<wp:post_password></wp:post_password>
		<wp:is_sticky>0</wp:is_sticky>
								<wp:postmeta>
		<wp:meta_key>_menu_item_object</wp:meta_key>
		<wp:meta_value><![CDATA[book_category]]></wp:meta_value>
		</wp:postmeta>
				<wp:postmeta>
		<wp:meta_key>_menu_item_target</wp:meta_key>
		<wp:meta_value><![CDATA[]]></wp:meta_value>
		</wp:postmeta>
				<wp:postmeta>
		<wp:meta_key>_menu_item_object_id</wp:meta_key>
		<wp:meta_value><![CDATA[8]]></wp:meta_value>
		</wp:postmeta>
				<wp:postmeta>
		<wp:meta_key>_menu_item_classes</wp:meta_key>
		<wp:meta_value><![CDATA[a:1:{i:0;s:0:"";}]]></wp:meta_value>
		</wp:postmeta>
				<wp:postmeta>
		<wp:meta_key>_menu_item_menu_item_parent</wp:meta_key>
		<wp:meta_value><![CDATA[0]]></wp:meta_value>
		</wp:postmeta>
				<wp:postmeta>
		<wp:meta_key>_menu_item_type</wp:meta_key>
		<wp:meta_value><![CDATA[taxonomy]]></wp:meta_value>
		</wp:postmeta>
				<wp:postmeta>
		<wp:meta_key>_menu_item_xfn</wp:meta_key>
		<wp:meta_value><![CDATA[]]></wp:meta_value>
		</wp:postmeta>
				<wp:postmeta>
		<wp:meta_key>_menu_item_url</wp:meta_key>
		<wp:meta_value><![CDATA[]]></wp:meta_value>
		</wp:postmeta>
							</item>
		<item>
		<title></title>
		<link>http://truetothebook:8888/2010/11/93/</link>
		<pubDate>Mon, 01 Nov 2010 18:48:30 +0000</pubDate>
		<dc:creator><![CDATA[admin]]></dc:creator>
		
		<guid isPermaLink="false">http://truetothebook:8888/?p=93</guid>
		<description></description>
		<content:encoded><![CDATA[ ]]></content:encoded>
		<excerpt:encoded><![CDATA[]]></excerpt:encoded>
		<wp:post_id>93</wp:post_id>
		<wp:post_date>2010-11-01 13:48:30</wp:post_date>
		<wp:post_date_gmt>2010-11-01 18:48:30</wp:post_date_gmt>
		<wp:comment_status>closed</wp:comment_status>
		<wp:ping_status>open</wp:ping_status>
		<wp:post_name>93</wp:post_name>
		<wp:status>publish</wp:status>
		<wp:post_parent>0</wp:post_parent>
		<wp:menu_order>4</wp:menu_order>
		<wp:post_type>nav_menu_item</wp:post_type>
		<wp:post_password></wp:post_password>
		<wp:is_sticky>0</wp:is_sticky>
								<wp:postmeta>
		<wp:meta_key>_menu_item_url</wp:meta_key>
		<wp:meta_value><![CDATA[]]></wp:meta_value>
		</wp:postmeta>
				<wp:postmeta>
		<wp:meta_key>_menu_item_xfn</wp:meta_key>
		<wp:meta_value><![CDATA[]]></wp:meta_value>
		</wp:postmeta>
				<wp:postmeta>
		<wp:meta_key>_menu_item_classes</wp:meta_key>
		<wp:meta_value><![CDATA[a:1:{i:0;s:0:"";}]]></wp:meta_value>
		</wp:postmeta>
				<wp:postmeta>
		<wp:meta_key>_menu_item_target</wp:meta_key>
		<wp:meta_value><![CDATA[]]></wp:meta_value>
		</wp:postmeta>
				<wp:postmeta>
		<wp:meta_key>_menu_item_object</wp:meta_key>
		<wp:meta_value><![CDATA[book_category]]></wp:meta_value>
		</wp:postmeta>
				<wp:postmeta>
		<wp:meta_key>_menu_item_object_id</wp:meta_key>
		<wp:meta_value><![CDATA[6]]></wp:meta_value>
		</wp:postmeta>
				<wp:postmeta>
		<wp:meta_key>_menu_item_menu_item_parent</wp:meta_key>
		<wp:meta_value><![CDATA[0]]></wp:meta_value>
		</wp:postmeta>
				<wp:postmeta>
		<wp:meta_key>_menu_item_type</wp:meta_key>
		<wp:meta_value><![CDATA[taxonomy]]></wp:meta_value>
		</wp:postmeta>
							</item>
		<item>
		<title></title>
		<link>http://truetothebook:8888/2010/11/91/</link>
		<pubDate>Mon, 01 Nov 2010 18:48:30 +0000</pubDate>
		<dc:creator><![CDATA[admin]]></dc:creator>
		
		<guid isPermaLink="false">http://truetothebook:8888/?p=91</guid>
		<description></description>
		<content:encoded><![CDATA[ ]]></content:encoded>
		<excerpt:encoded><![CDATA[]]></excerpt:encoded>
		<wp:post_id>91</wp:post_id>
		<wp:post_date>2010-11-01 13:48:30</wp:post_date>
		<wp:post_date_gmt>2010-11-01 18:48:30</wp:post_date_gmt>
		<wp:comment_status>closed</wp:comment_status>
		<wp:ping_status>open</wp:ping_status>
		<wp:post_name>91</wp:post_name>
		<wp:status>publish</wp:status>
		<wp:post_parent>0</wp:post_parent>
		<wp:menu_order>3</wp:menu_order>
		<wp:post_type>nav_menu_item</wp:post_type>
		<wp:post_password></wp:post_password>
		<wp:is_sticky>0</wp:is_sticky>
								<wp:postmeta>
		<wp:meta_key>_menu_item_url</wp:meta_key>
		<wp:meta_value><![CDATA[]]></wp:meta_value>
		</wp:postmeta>
				<wp:postmeta>
		<wp:meta_key>_menu_item_xfn</wp:meta_key>
		<wp:meta_value><![CDATA[]]></wp:meta_value>
		</wp:postmeta>
				<wp:postmeta>
		<wp:meta_key>_menu_item_classes</wp:meta_key>
		<wp:meta_value><![CDATA[a:1:{i:0;s:0:"";}]]></wp:meta_value>
		</wp:postmeta>
				<wp:postmeta>
		<wp:meta_key>_menu_item_target</wp:meta_key>
		<wp:meta_value><![CDATA[]]></wp:meta_value>
		</wp:postmeta>
				<wp:postmeta>
		<wp:meta_key>_menu_item_object</wp:meta_key>
		<wp:meta_value><![CDATA[book_category]]></wp:meta_value>
		</wp:postmeta>
				<wp:postmeta>
		<wp:meta_key>_menu_item_object_id</wp:meta_key>
		<wp:meta_value><![CDATA[4]]></wp:meta_value>
		</wp:postmeta>
				<wp:postmeta>
		<wp:meta_key>_menu_item_menu_item_parent</wp:meta_key>
		<wp:meta_value><![CDATA[0]]></wp:meta_value>
		</wp:postmeta>
				<wp:postmeta>
		<wp:meta_key>_menu_item_type</wp:meta_key>
		<wp:meta_value><![CDATA[taxonomy]]></wp:meta_value>
		</wp:postmeta>
							</item>
	</channel>
</rss>
