<?xml version="1.0" encoding="UTF-8"?>
<jax-ws xmlns="http://www.netbeans.org/ns/jax-ws/1">
  <services>
    <service name="WeightUnitConversionServiceFromWSDL">
      <implementation-class>com.ensode.webservices.WeightUnitConversionServiceFromWSDL</implementation-class>
      <wsdl-url>http://localhost:8080/WeightUnitConversionService/WeightUnitConversionService?wsdl</wsdl-url>
      <local-wsdl-file>localhost_8080/WeightUnitConversionService/WeightUnitConversionService.wsdl</local-wsdl-file>
      <service-name>WeightUnitConversionService</service-name>
      <port-name>WeightUnitConversionServicePort</port-name>
      <package-name>com.ensode.webservices</package-name>
      <catalog-file>catalog.xml</catalog-file>
      <use-provider>false</use-provider>
      <wsimport-options>
        <wsimport-option>
          <wsimport-option-name>extension</wsimport-option-name>
          <wsimport-option-value>true</wsimport-option-value>
        </wsimport-option>
        <wsimport-option>
          <wsimport-option-name>verbose</wsimport-option-name>
          <wsimport-option-value>true</wsimport-option-value>
        </wsimport-option>
        <wsimport-option>
          <wsimport-option-name>xnocompile</wsimport-option-name>
          <wsimport-option-value>true</wsimport-option-value>
        </wsimport-option>
        <wsimport-option>
          <wsimport-option-name>xendorsed</wsimport-option-name>
          <wsimport-option-value>true</wsimport-option-value>
        </wsimport-option>
      </wsimport-options>
    </service>
  </services>
  <clients/>
  <jsr109>true</jsr109>
</jax-ws>
