<?xml version="1.0" encoding="UTF-8"?>
<project-private xmlns="http://www.netbeans.org/ns/project-private/1">
    <editor-bookmarks xmlns="http://www.netbeans.org/ns/editor-bookmarks/1"/>
    <open-files xmlns="http://www.netbeans.org/ns/projectui-open-files/1">
        <file>file:/home/heffel/NetBeansProjects/servletsimplewebapp/src/java/com/ensode/nbbook/controller/ControllerServlet.java</file>
        <file>file:/home/heffel/NetBeansProjects/servletsimplewebapp/src/java/com/ensode/nbbook/model/SurveyData.java</file>
        <file>file:/home/heffel/NetBeansProjects/servletsimplewebapp/web/index.jsp</file>
        <file>file:/home/heffel/NetBeansProjects/servletsimplewebapp/web/output.jsp</file>
    </open-files>
</project-private>
