{
	"success" : true,
	"data" : [
		{"id":"1", "name":"Invoice 1", "date":"08/28/2012",leaf:true},
		{"id":"2", "name":"Invoice 2", "date":"08/28/2012",leaf:true},
		{"id":"3", "name":"Invoice 3", "date":"08/28/2012",leaf:true},
		{"id":"4", "name":"Invoice 4", "date":"08/28/2012",leaf:true},
		{"id":"5", "name":"Invoice 5", "date":"08/28/2012",leaf:true},
		{"id":"6", "name":"Invoice 6", "date":"08/28/2012",leaf:true},
		{"id":"7", "name":"Invoice 7", "date":"08/28/2012",leaf:true},
		{"id":"8", "name":"Invoice 8", "date":"08/28/2012",leaf:true}
	]
}