{
    "data": [{
        "month": "January",
        "data1": 21,
        "data2": 32,
        "data3": 52,
        "data4": 24,
        "data5": 20,
        "data6": 54,
        "data7": 56,
        "data8": 73,
        "data9": 72
    }, {
        "month": "February",
        "data1": 47,
        "data2": 61,
        "data3": 93,
        "data4": 34,
        "data5": 41,
        "data6": 20,
        "data7": 98,
        "data8": 43,
        "data9": 57
    }, {
        "month": "March",
        "data1": 94,
        "data2": 37,
        "data3": 31,
        "data4": 88,
        "data5": 20,
        "data6": 20,
        "data7": 41,
        "data8": 84,
        "data9": 90
    }, {
        "month": "April",
        "data1": 86,
        "data2": 78,
        "data3": 68,
        "data4": 21,
        "data5": 20,
        "data6": 22,
        "data7": 20,
        "data8": 71,
        "data9": 20
    }, {
        "month": "May",
        "data1": 43,
        "data2": 96,
        "data3": 36,
        "data4": 68,
        "data5": 40,
        "data6": 63,
        "data7": 87,
        "data8": 43,
        "data9": 69
    }, {
        "month": "June",
        "data1": 57,
        "data2": 47,
        "data3": 20,
        "data4": 70,
        "data5": 35,
        "data6": 48,
        "data7": 20,
        "data8": 41,
        "data9": 30
    }, {
        "month": "July",
        "data1": 42,
        "data2": 96,
        "data3": 80,
        "data4": 65,
        "data5": 50,
        "data6": 91,
        "data7": 62,
        "data8": 32,
        "data9": 67
    }, {
        "month": "August",
        "data1": 68,
        "data2": 71,
        "data3": 94,
        "data4": 82,
        "data5": 69,
        "data6": 66,
        "data7": 33,
        "data8": 63,
        "data9": 21
    }, {
        "month": "September",
        "data1": 65,
        "data2": 73,
        "data3": 81,
        "data4": 73,
        "data5": 69,
        "data6": 86,
        "data7": 64,
        "data8": 67,
        "data9": 20
    }, {
        "month": "October",
        "data1": 80,
        "data2": 77,
        "data3": 20,
        "data4": 28,
        "data5": 62,
        "data6": 69,
        "data7": 58,
        "data8": 98,
        "data9": 92
    }, {
        "month": "November",
        "data1": 20,
        "data2": 20,
        "data3": 67,
        "data4": 98,
        "data5": 43,
        "data6": 20,
        "data7": 26,
        "data8": 20,
        "data9": 74
    }, {
        "month": "December",
        "data1": 47,
        "data2": 28,
        "data3": 20,
        "data4": 71,
        "data5": 95,
        "data6": 52,
        "data7": 37,
        "data8": 42,
        "data9": 31
    }],
    "success": "true"
}