[{
	"text":"app",
	"checked":false,
	"children":[ 
		{
			"text":"app.js",
			"leaf":"true",
			"iconCls":"js",
			"checked":false
		},{
			"text":"controller",
			"children":[],
			"checked":true
		},{
			"text":"model",
			"children":[],
			"checked":false
		},{
			"text":"store",
			"children":[
				{
					"text":"Files.js",
					"leaf":"true",
					"iconCls":"js",
					"checked":true
				}
			]
		},{
			"text":"view",
			"checked":false,
			"children":[
				{
					"text":"BasicTreePanel.js",
					"leaf":"true",
					"iconCls":"js",
					"checked":true
				},
				{
					"text":"TreeStorePanel.js",
					"leaf":"true",
					"iconCls":"js",
					"checked":true,
					"checked":true
				}
			]
		}
	]
},{
	"text":"data",
	"checked":false,
	"children":[
		{
			"text":"files.json",
			"leaf":"true",
			"iconCls":"json",
			"checked":true
		}
	]
},{
	"text":"index.html",
	"leaf":"true",
	"iconCls":"html",
	"checked":true
},{
	"text":"resources",
	"children":[
		{
			"text":"css",
			"checked":"true",
			"children":[
				{
					"text":"app.css",
					"leaf":"true",
					"iconCls":"css",
					"checked":true
				}
			]
		},{
			"text":"images",
			"checked":false,
			"children":[
				{
					"text":"script_code.png",
					"leaf":"true",
					"iconCls":"image",
					"checked":false
				},{
					"text":"html.png",
					"leaf":"true",
					"iconCls":"image",
					"checked":true
				},{
					"text":"css.png",
					"leaf":"true",
					"iconCls":"image",
					"checked":false
				},{
					"text":"json.png",
					"leaf":"true",
					"iconCls":"image",
					"checked":true
				},{
					"text":"image.png",
					"leaf":"true",
					"iconCls":"image",
					"checked":true
				}
			]
		}
	]
}]