{
	"success" : true,
	"data" : [
		{
			"name":"script_code.png",
			"owner":"Mark James",
			"created_at":"08/28/2012",
			"size":4,
			"iconCls":"image"
		},{
			"name":"html.png",
			"owner":"Mark James",
			"created_at":"08/28/2012",
			"size":4,
			"iconCls":"image"
		},{
			"name":"css.png",
			"owner":"Mark James",
			"created_at":"08/28/2012",
			"size":4,
			"iconCls":"image"
		},{
			"name":"json.png",
			"owner":"Mark James",
			"created_at":"08/28/2012",
			"size":4,
			"iconCls":"image"
		},{
			"name":"image.png",
			"owner":"Mark James",
			"created_at":"08/28/2012",
			"size":4,
			"iconCls":"image"
		}
	]
}