<?xml version="1.0" encoding="UTF-8"?>
<!--
        *** GENERATED FROM jax-ws.xml - DO NOT EDIT !                             ***
        *** TO MODIFY wsimport options USE Web Service node -> Edit WS Attributes ***
        *** TO CHANGE TARGETS GENERATED TO jaxws-build.xml COPY THOSE             ***
        *** TARGETS TO ../build.xml AND MODIFY THAT FILE INSTEAD                  ***

        -->
<project xmlns:xalan="http://xml.apache.org/xslt" xmlns:j2seproject3="http://www.netbeans.org/ns/j2se-project/3" xmlns:jaxws="http://www.netbeans.org/ns/jax-ws/1">
    <!--
                ===================
                JAX-WS WSIMPORT SECTION
                ===================
            -->
    <target name="wsimport-init" depends="init">
        <mkdir dir="${build.generated.sources.dir}/jax-ws"/>
        <taskdef name="wsimport" classname="com.sun.tools.ws.ant.WsImport">
            <classpath path="${libs.jaxws21.classpath}"/>
        </taskdef>
    </target>
    <target name="wsimport-client-UnitConversion" depends="wsimport-init">
        <mkdir dir="${build.generated.dir}/jax-wsCache/UnitConversion"/>
        <property name="wsdl-UnitConversion" location="xml-resources/web-service-references/UnitConversion/wsdl/localhost_8080/UnitConversion/UnitConversion.wsdl"/>
        <wsimport sourcedestdir="${build.generated.dir}/jax-wsCache/UnitConversion" destdir="${build.generated.dir}/jax-wsCache/UnitConversion" wsdl="${wsdl-UnitConversion}" catalog="catalog.xml" extension="true" verbose="true" wsdlLocation="http://localhost:8080/UnitConversion/UnitConversion?wsdl" xendorsed="true" package="com.ensode.unitconversionclient">
            <depends file="${wsdl-UnitConversion}"/>
            <produces dir="${build.generated.dir}/jax-wsCache/UnitConversion"/>
        </wsimport>
        <copy todir="${build.generated.sources.dir}/jax-ws">
            <fileset dir="${build.generated.dir}/jax-wsCache/UnitConversion">
                <include name="**/*.java"/>
            </fileset>
        </copy>
    </target>
    <target name="wsimport-client-clean-UnitConversion" depends="-init-project">
        <delete dir="${build.generated.dir}/jax-wsCache/UnitConversion"/>
        <delete dir="${build.generated.sources.dir}/jax-ws/com/ensode/unitconversionclient"/>
    </target>
    <target name="wsimport-client-generate" depends="wsimport-client-UnitConversion"/>
</project>
