[{
	"text":"app",
	"children":[ 
		{
			"text":"app.js",
			"leaf":"true",
			"iconCls":"js"
		},{
			"text":"controller",
			"children":[]
		},{
			"text":"model",
			"children":[]
		},{
			"text":"store",
			"children":[
				{
					"text":"Files.js",
					"leaf":"true",
					"iconCls":"js"
				}
			]
		},{
			"text":"view",
			"children":[
				{
					"text":"BasicTreePanel.js",
					"leaf":"true",
					"iconCls":"js"
				},
				{
					"text":"TreeStorePanel.js",
					"leaf":"true",
					"iconCls":"js"
				}
			]
		}
	]
},{
	"text":"data",
	"children":[
		{
			"text":"files.json",
			"leaf":"true",
			"iconCls":"json"
		}
	]
},{
	"text":"index.html",
	"leaf":"true",
	"iconCls":"html"
},{
	"text":"resources",
	"children":[
		{
			"text":"css",
			"children":[
				{
					"text":"app.css",
					"leaf":"true",
					"iconCls":"css",
				}
			]
		},{
			"text":"images",
			"children":[
				{
					"text":"script_code.png",
					"leaf":"true",
					"iconCls":"image"
				},{
					"text":"html.png",
					"leaf":"true",
					"iconCls":"image"
				},{
					"text":"css.png",
					"leaf":"true",
					"iconCls":"image"
				},{
					"text":"json.png",
					"leaf":"true",
					"iconCls":"image"
				},{
					"text":"image.png",
					"leaf":"true",
					"iconCls":"image"
				}
			]
		}
	]
}]